title,artist,link
Portrait of a Seated Woman (1958),Peter Standen,https://collections.ed.ac.uk/art/record/20865?highlight=*:*
Racing Circuit (1987-1988),Jane V Hyslop,https://collections.ed.ac.uk/art/record/21456?highlight=*:*
Standing Male Nude (1958),Andrew P. W. Conkie,https://collections.ed.ac.uk/art/record/22716?highlight=*:*
etc (2006),Catherine Robbie,https://collections.ed.ac.uk/art/record/99865?highlight=*:*
"Still Life with Jug of Flowers, Goblet and Fruit",Sir William George Gillies,https://collections.ed.ac.uk/art/record/20753?highlight=*:*
Male Nude Leaning on a Table (verso),Unknown,https://collections.ed.ac.uk/art/record/22650?highlight=*:*
Portrait of a Young Woman (1965),Irene Scott,https://collections.ed.ac.uk/art/record/21292?highlight=*:*
Bowl,Emma Gillies,https://collections.ed.ac.uk/art/record/122129?highlight=*:*
Drawing of a Man's Head (1955),James Robertson,https://collections.ed.ac.uk/art/record/20804?highlight=*:*
Self Portrait against Window (Circa 1983),Gwen W. Hardie,https://collections.ed.ac.uk/art/record/22593?highlight=*:*
Seated Female Nude (Circa 1968),Alan T. Johnston,https://collections.ed.ac.uk/art/record/20748?highlight=*:*
Untitled - Figured Drawing of Nude Woman on a Couch (1963),Gordon Bryce,https://collections.ed.ac.uk/art/record/99329?highlight=*:*
Unknown (1950),Zygmunt Bukowski,https://collections.ed.ac.uk/art/record/53557?highlight=*:*
Portrait of Head of a Woman (1952),Frances Walker,https://collections.ed.ac.uk/art/record/20846?highlight=*:*
Sienna Cathedral (1982),Ann Oram,https://collections.ed.ac.uk/art/record/102660?highlight=*:*
Virgin and Child,Unknown,https://collections.ed.ac.uk/art/record/20571?highlight=*:*
Woman with Fish on her Head,John Bellany,https://collections.ed.ac.uk/art/record/21530?highlight=*:*
Unknown (1952),Rosemary Bagshaw,https://collections.ed.ac.uk/art/record/53513?highlight=*:*
Seated Nude (1953),Robert L Thompson,https://collections.ed.ac.uk/art/record/21121?highlight=*:*
Portrait of Woman in White Blouse (1962),Elizabeth G. Kellar,https://collections.ed.ac.uk/art/record/22714?highlight=*:*
Untitled (1977),Eve F. Thomson,https://collections.ed.ac.uk/art/record/99826?highlight=*:*
Unknown (1949),Margaret Moodie,https://collections.ed.ac.uk/art/record/50492?highlight=*:*
Art Magazine Ads (1988-1989),Jeff Koons,https://collections.ed.ac.uk/art/record/21365?highlight=*:*
Unknown,Unknown,https://collections.ed.ac.uk/art/record/50397?highlight=*:*
Seated Female Nude (1994-1995),Nicholas Otter,https://collections.ed.ac.uk/art/record/21510?highlight=*:*
Portrait of a Woman (1959),William D. MacKay,https://collections.ed.ac.uk/art/record/22715?highlight=*:*
Untitled (1963),Andrew Raeburn,https://collections.ed.ac.uk/art/record/22018?highlight=*:*
Untitled (2004),Rebecca Firth,https://collections.ed.ac.uk/art/record/21818?highlight=*:*
Untitled (2003),Andrea Bain,https://collections.ed.ac.uk/art/record/99938?highlight=*:*
Untitled - Abstract Figures and Shapes (1965-1966),James B. Thomson,https://collections.ed.ac.uk/art/record/99449?highlight=*:*
Portrait of a Woman (1956),John Sprakes DA (Edinburgh) PG (Edinburgh) ROI RBA MAFA,https://collections.ed.ac.uk/art/record/21184?highlight=*:*
Untitled (1963),Madelane Galloway,https://collections.ed.ac.uk/art/record/22005?highlight=*:*
Untitled (1946),Eileen Bennett,https://collections.ed.ac.uk/art/record/21733?highlight=*:*
Still Life (Circa 1970),Patrick J. Hickey,https://collections.ed.ac.uk/art/record/22606?highlight=*:*
Self Portrait (1965),John Bellany,https://collections.ed.ac.uk/art/record/20740?highlight=*:*
"Metope 9, south entablature, Parthenon (1837)",NA,https://collections.ed.ac.uk/art/record/20645?highlight=*:*
Seated Male Nude (1958),Elizabeth Meldrum,https://collections.ed.ac.uk/art/record/21158?highlight=*:*
Portrait of Man in a Cap (1950),Thomas Murray,https://collections.ed.ac.uk/art/record/21073?highlight=*:*
Of Christine Clay (1964),Connie Dearness,https://collections.ed.ac.uk/art/record/53583?highlight=*:*
Untitled - Woman and Man (1981),Kirsty A Kirkwood,https://collections.ed.ac.uk/art/record/99439?highlight=*:*
Untitled (12 Jun 2014),Norman Orr,https://collections.ed.ac.uk/art/record/22479?highlight=*:*
Abstract Composition in Yellow (Circa 1972),Charles K. S. Shaw,https://collections.ed.ac.uk/art/record/22599?highlight=*:*
Unknown (1957),Peter Crorkin,https://collections.ed.ac.uk/art/record/50508?highlight=*:*
Life Drawing (Male Nude Reclining on Front) (1962),John Bellany,https://collections.ed.ac.uk/art/record/20763?highlight=*:*
Hand Thrown Bowl,Emma Gillies,https://collections.ed.ac.uk/art/record/53733?highlight=*:*
South Frieze of the Parthenon Frieze (1836-1837),NA,https://collections.ed.ac.uk/art/record/20690?highlight=*:*
Empty Potato Field,Frances M. Walker,https://collections.ed.ac.uk/art/record/22693?highlight=*:*
Untitled (1989),Joanne Leonie Milne,https://collections.ed.ac.uk/art/record/21562?highlight=*:*
The Strike (1953),Robert Marx,https://collections.ed.ac.uk/art/record/21691?highlight=*:*
William Shakespeare Otelo (1983),Boris Bućan,https://collections.ed.ac.uk/art/record/22040?highlight=*:*
Untitled (Unknown),Unknown,https://collections.ed.ac.uk/art/record/21563?highlight=*:*
Untitled,A. Parkinson,https://collections.ed.ac.uk/art/record/112501?highlight=*:*
Untitled,Marjorie-Ann Ancell,https://collections.ed.ac.uk/art/record/21612?highlight=*:*
Limits (2014),Phoebe Mitchell,https://collections.ed.ac.uk/art/record/54759?highlight=*:*
Two Seated Men (1949),Douglas Gordon,https://collections.ed.ac.uk/art/record/21100?highlight=*:*
Riders from South Frieze of the Parthenon (1836-1837),NA,https://collections.ed.ac.uk/art/record/20721?highlight=*:*
Figure of a river-god from west pediment,NA,https://collections.ed.ac.uk/art/record/20633?highlight=*:*
Untitled (Unknown),Gabor Peterdi,https://collections.ed.ac.uk/art/record/21659?highlight=*:*
Seated Male Nude with Foot Resting on Stool (1961),Plehakraborty,https://collections.ed.ac.uk/art/record/21296?highlight=*:*
Standing Male Nude (1952),Adam Robson,https://collections.ed.ac.uk/art/record/20809?highlight=*:*
Summer Fayre,Unknown,https://collections.ed.ac.uk/art/record/22658?highlight=*:*
Seated Male Nude (1959),Violet Thompson,https://collections.ed.ac.uk/art/record/21146?highlight=*:*
Unknown (1960),John Gilbert,https://collections.ed.ac.uk/art/record/53491?highlight=*:*
"Tomb of Ferry de Gros, Lord of Dyeghem Nieunland",Unknown,https://collections.ed.ac.uk/art/record/20567?highlight=*:*
Tomb,Susan Robson,https://collections.ed.ac.uk/art/record/22534?highlight=*:*
Untitled (Unknown),Unknown,https://collections.ed.ac.uk/art/record/21881?highlight=*:*
Pekin knot sample,Unknown,https://collections.ed.ac.uk/art/record/102730?highlight=*:*
Unknown (1968),Paul Youngs,https://collections.ed.ac.uk/art/record/53591?highlight=*:*
Agriculture,Unknown,https://collections.ed.ac.uk/art/record/20534?highlight=*:*
Untitled (Unknown),Unknown,https://collections.ed.ac.uk/art/record/21557?highlight=*:*
Portrait of a Woman (1955),Edith Duke,https://collections.ed.ac.uk/art/record/21218?highlight=*:*
Esme (1949),Betty Elston,https://collections.ed.ac.uk/art/record/22694?highlight=*:*
"Acanthus Scrolls, Temple of Venus Genetrix, Rome",Unknown,https://collections.ed.ac.uk/art/record/20560?highlight=*:*
Oranges (2018),Jessica Gasson,https://collections.ed.ac.uk/art/record/102753?highlight=*:*
Untitled (1963),Kathleen Russell,https://collections.ed.ac.uk/art/record/22014?highlight=*:*
Standing Male Nude (Jan 1958),Walter Miller,https://collections.ed.ac.uk/art/record/20907?highlight=*:*
Standing Male Nude (1953),James Martin,https://collections.ed.ac.uk/art/record/20952?highlight=*:*
Unknown (1946),Alan Lefley,https://collections.ed.ac.uk/art/record/50486?highlight=*:*
Untitled - Figure Drawing of a Man on a Stool (1964),Gordon Bryce,https://collections.ed.ac.uk/art/record/99326?highlight=*:*
Free Fall (1985),Robert Adam,https://collections.ed.ac.uk/art/record/21593?highlight=*:*
Parthenon Frieze in Miniature,John Henning,https://collections.ed.ac.uk/art/record/20584?highlight=*:*
Unknown (1951),Harold F Burnett,https://collections.ed.ac.uk/art/record/50572?highlight=*:*
Crying (2014),Rachel Hill,https://collections.ed.ac.uk/art/record/47448?highlight=*:*
Kneeling Female Nude (1957),Andrew Conkie,https://collections.ed.ac.uk/art/record/20925?highlight=*:*
Standing Woman (1950),John Parnell,https://collections.ed.ac.uk/art/record/21067?highlight=*:*
Horses from South Frieze of the Parthenon (1836-1837),NA,https://collections.ed.ac.uk/art/record/20732?highlight=*:*
Standing Male Nude (Dec 1951),M McKeown,https://collections.ed.ac.uk/art/record/21225?highlight=*:*
Plate (1924),Emma Gillies,https://collections.ed.ac.uk/art/record/53726?highlight=*:*
Unknown,Alan M. Alexander,https://collections.ed.ac.uk/art/record/50598?highlight=*:*
Seated Young Male Nude (1948),Victorine Anne Schilsky,https://collections.ed.ac.uk/art/record/20832?highlight=*:*
Gem cabinet 5 (of 6) containing 43 medallions,Unknown,https://collections.ed.ac.uk/art/record/20619?highlight=*:*
Untitled,NA,https://collections.ed.ac.uk/art/record/21840?highlight=*:*
Unknown,Unknown,https://collections.ed.ac.uk/art/record/53546?highlight=*:*
Seated Male Nude,John Houston,https://collections.ed.ac.uk/art/record/21044?highlight=*:*
Untitled (1966),Maureen Dawson,https://collections.ed.ac.uk/art/record/99845?highlight=*:*
Sugar Bowl,Emma Gillies,https://collections.ed.ac.uk/art/record/53676?highlight=*:*
Untitled - Portrait of a Girl (1963),L. Allan,https://collections.ed.ac.uk/art/record/99383?highlight=*:*
Unknown,Alexander S Campbell,https://collections.ed.ac.uk/art/record/50632?highlight=*:*
Standing Female Nude (1954),Margaret Proudfoot,https://collections.ed.ac.uk/art/record/21246?highlight=*:*
From Rialto Venezia (10 Mar 1948),Marjorie Wallace,https://collections.ed.ac.uk/art/record/20854?highlight=*:*
Untitled,NA,https://collections.ed.ac.uk/art/record/112505?highlight=*:*
Untitled - Sprite in Long Gown (1963),Iona Murray,https://collections.ed.ac.uk/art/record/99402?highlight=*:*
Grey Cover,Unknown,https://collections.ed.ac.uk/art/record/22633?highlight=*:*
Portrait of a Man (1959),Kenneth Dingwall,https://collections.ed.ac.uk/art/record/21331?highlight=*:*
Woman (1966),James H. Fairgrieve,https://collections.ed.ac.uk/art/record/22617?highlight=*:*
Portrait of a Woman (1957),Colin Turner,https://collections.ed.ac.uk/art/record/21144?highlight=*:*
Man with Spring Plants (1953),Leonard Baskin,https://collections.ed.ac.uk/art/record/21687?highlight=*:*
Unknown (1949),Betty Elston,https://collections.ed.ac.uk/art/record/50583?highlight=*:*
Untitled,Anne Waterhouse,https://collections.ed.ac.uk/art/record/112342?highlight=*:*
Unknown (1952),Rosemary Bagshaw,https://collections.ed.ac.uk/art/record/53520?highlight=*:*
Venice (1951),Sax Shaw,https://collections.ed.ac.uk/art/record/99849?highlight=*:*
Virgin and Child (statuette head of child missing),Unknown,https://collections.ed.ac.uk/art/record/20559?highlight=*:*
Unknown,Elizabeth Blackadder,https://collections.ed.ac.uk/art/record/50638?highlight=*:*
Untitled - Street Scene (1960),Frederick C White,https://collections.ed.ac.uk/art/record/99453?highlight=*:*
Champagne (1993),Robert I Montgomery,https://collections.ed.ac.uk/art/record/99416?highlight=*:*
Standing Male Nude,John Hunter,https://collections.ed.ac.uk/art/record/21043?highlight=*:*
Untitled (Jan 1997),Sharon Cornwill,https://collections.ed.ac.uk/art/record/21920?highlight=*:*
Spinario (Late 19th Century),Musée Royal du Louvre,https://collections.ed.ac.uk/art/record/20574?highlight=*:*
History of a Medium (1971),"Eduardo Luigi Paolozzi KBE, RA",https://collections.ed.ac.uk/art/record/21696?highlight=*:*
Blue Waterfall,Andrew Mackenzie,https://collections.ed.ac.uk/art/record/20751?highlight=*:*
Landscape (1961),Robin Forrester,https://collections.ed.ac.uk/art/record/21294?highlight=*:*
Unknown,Iain Holden,https://collections.ed.ac.uk/art/record/53534?highlight=*:*
Benin Head (1964-1964),Vincent Butler,https://collections.ed.ac.uk/art/record/99224?highlight=*:*
,Zygmunt Bukowski,https://collections.ed.ac.uk/art/record/112513?highlight=*:*
Unknown (1960),Alan M. Alexander,https://collections.ed.ac.uk/art/record/50596?highlight=*:*
Replica cast (brown) of Parthenon slab GE33,Unknown,https://collections.ed.ac.uk/art/record/20657?highlight=*:*
Untitled (Unknown),Annabel Keatley,https://collections.ed.ac.uk/art/record/21609?highlight=*:*
Wall hanging (1939),Unknown,https://collections.ed.ac.uk/art/record/100009?highlight=*:*
November Afternoon (1982),Gwyneth M. Leech,https://collections.ed.ac.uk/art/record/99433?highlight=*:*
Unknown (1964),Cameron,https://collections.ed.ac.uk/art/record/53586?highlight=*:*
The Boundary of Balance (2019),Dong Ding,https://collections.ed.ac.uk/art/record/113743?highlight=*:*
Still Life with Goblets (1959),Alan M. Alexander,https://collections.ed.ac.uk/art/record/22743?highlight=*:*
Untitled (12 Jun 2014),John Nelson,https://collections.ed.ac.uk/art/record/22481?highlight=*:*
Unknown (1965),Laura McPherson,https://collections.ed.ac.uk/art/record/50499?highlight=*:*
Blackwork' sampler. Miss Waddel,Miss Waddell,https://collections.ed.ac.uk/art/record/102670?highlight=*:*
Portrait of a Woman (1957),Andrew McPhee,https://collections.ed.ac.uk/art/record/21064?highlight=*:*
Unknown (1949),John Thomson,https://collections.ed.ac.uk/art/record/50483?highlight=*:*
Unknown (1965),William S. T. Brodie,https://collections.ed.ac.uk/art/record/53597?highlight=*:*
"Metope 3, south entablature, Parthenon (1837)",NA,https://collections.ed.ac.uk/art/record/20641?highlight=*:*
Two Figures in a Landscape,Unknown,https://collections.ed.ac.uk/art/record/21484?highlight=*:*
Stately Dance (1947),Allan W. Robson,https://collections.ed.ac.uk/art/record/21741?highlight=*:*
1st State (Unknown),Euan Gray,https://collections.ed.ac.uk/art/record/21951?highlight=*:*
Untitled (Sucker Darts) (2016),James Howden,https://collections.ed.ac.uk/art/record/113746?highlight=*:*
Seated Female Nude (1954),Elizabeth Blackadder,https://collections.ed.ac.uk/art/record/21409?highlight=*:*
Composition with Washing Line (Circa 1987),Gary Ferguson,https://collections.ed.ac.uk/art/record/22620?highlight=*:*
(2003),Unknown,https://collections.ed.ac.uk/art/record/99930?highlight=*:*
Large Head (Circa 1983),Gwen W. Hardie,https://collections.ed.ac.uk/art/record/22622?highlight=*:*
Plate,Emma Gillies,https://collections.ed.ac.uk/art/record/53718?highlight=*:*
Unknown (1953-1954),Peter G. Collins,https://collections.ed.ac.uk/art/record/50540?highlight=*:*
Unknown (Circa 1890),Unknown,https://collections.ed.ac.uk/art/record/50463?highlight=*:*
"Unknown, Abstract",Paresh Chandra Chakraborty,https://collections.ed.ac.uk/art/record/99485?highlight=*:*
For They Shall See God (2006),Jennifer M. Hughes,https://collections.ed.ac.uk/art/record/99881?highlight=*:*
Plate,Emma Gillies,https://collections.ed.ac.uk/art/record/53670?highlight=*:*
Untitled (1947),Sheila Turnbull,https://collections.ed.ac.uk/art/record/111032?highlight=*:*
Abstract with Blue Stripes (quadriptych) (1969),Ian G. Robertson,https://collections.ed.ac.uk/art/record/22569?highlight=*:*
Anat (1966),Norman Orr,https://collections.ed.ac.uk/art/record/99405?highlight=*:*
Works of a Strange Device: Drawing Smoke (2016),Suzanne Priestley,https://collections.ed.ac.uk/art/record/99239?highlight=*:*
Side Plate,Emma Gillies,https://collections.ed.ac.uk/art/record/53614?highlight=*:*
Portrait of a Young Man (1950),Joseph Maxwell,https://collections.ed.ac.uk/art/record/21061?highlight=*:*
Seated Female Nude (Circa 1939),Alistair W McCheyne,https://collections.ed.ac.uk/art/record/21139?highlight=*:*
Untitled (Unknown),J Nicoll,https://collections.ed.ac.uk/art/record/21728?highlight=*:*
Female Nude Seated on a Chair (1953),Margaret Ronald,https://collections.ed.ac.uk/art/record/20950?highlight=*:*
Untitled (Unknown),Renny Tait,https://collections.ed.ac.uk/art/record/21723?highlight=*:*
Portrait of a Man (1959),Alan Kemp,https://collections.ed.ac.uk/art/record/20902?highlight=*:*
Unknown (Unknown),Unknown,https://collections.ed.ac.uk/art/record/21857?highlight=*:*
Unknown,Unknown,https://collections.ed.ac.uk/art/record/53504?highlight=*:*
Replica of parthenon slab PF049,NA,https://collections.ed.ac.uk/art/record/20653?highlight=*:*
Untitled (1963),Monika L. Uecher,https://collections.ed.ac.uk/art/record/21774?highlight=*:*
Riders from the North Frieze of the Parthenon (1836-1837),NA,https://collections.ed.ac.uk/art/record/20701?highlight=*:*
Reclining Female Nude (1959),Jean I. Beattie,https://collections.ed.ac.uk/art/record/20922?highlight=*:*
Seated Male Nude (1965-1966),H Chart,https://collections.ed.ac.uk/art/record/21268?highlight=*:*
Untitled (1961),Norma Kirk,https://collections.ed.ac.uk/art/record/22010?highlight=*:*
(n) (fr) Les Voyeurs (1984),David C Duke,https://collections.ed.ac.uk/art/record/99247?highlight=*:*
Seated Female Nude,Colin Lawson,https://collections.ed.ac.uk/art/record/20774?highlight=*:*
Unknown,Unknown,https://collections.ed.ac.uk/art/record/53536?highlight=*:*
Standing Male Nude (1959),B Clapperton,https://collections.ed.ac.uk/art/record/20911?highlight=*:*
Untitled - Holyrood Palace (1978-1979),Thomas F. C. Denny,https://collections.ed.ac.uk/art/record/99413?highlight=*:*
"Circo Togni, Ravenna (1957)",Peter McGinn,https://collections.ed.ac.uk/art/record/21114?highlight=*:*
Small relief with figure in clerical dress,NA,https://collections.ed.ac.uk/art/record/20611?highlight=*:*
Unknown (1949),Mary D Thomson,https://collections.ed.ac.uk/art/record/50452?highlight=*:*
Minotaur,Paul Duffus,https://collections.ed.ac.uk/art/record/102661?highlight=*:*
Untitled - Snowy Landscape (1962),Geoffrey J Roper,https://collections.ed.ac.uk/art/record/99368?highlight=*:*
Cushendun (08 Apr 1968),Unknown,https://collections.ed.ac.uk/art/record/21496?highlight=*:*
100 Billion Suns (2012),Katie Paterson,https://collections.ed.ac.uk/art/record/21002?highlight=*:*
Seated Female Nude (1953),Lilias Stirling,https://collections.ed.ac.uk/art/record/20944?highlight=*:*
Central Park in the Dark Some 40 Years Ago (1974-1976),"Eduardo Luigi Paolozzi KBE, RA",https://collections.ed.ac.uk/art/record/21000?highlight=*:*
Preparatory sketch for main composition (1960),Marjory Dickson,https://collections.ed.ac.uk/art/record/53529?highlight=*:*
Unknown,Nugent,https://collections.ed.ac.uk/art/record/50429?highlight=*:*
Study for picture 'Waking of Brynhildr' (1897),Pavlov Chailly,https://collections.ed.ac.uk/art/record/50472?highlight=*:*
Madonna of the Roses (2007),Rachael Cawley,https://collections.ed.ac.uk/art/record/99968?highlight=*:*
Standing Male Nudes (1950),Sheila Robertson,https://collections.ed.ac.uk/art/record/20808?highlight=*:*
The Misadventure (1989),John Brown,https://collections.ed.ac.uk/art/record/99468?highlight=*:*
Seated Male Nude (1965),J Lord,https://collections.ed.ac.uk/art/record/21291?highlight=*:*
Unknown (1960),Robin E. Bownass,https://collections.ed.ac.uk/art/record/50606?highlight=*:*
Striding Male Nude (1950),Alexander F Mitchell,https://collections.ed.ac.uk/art/record/21054?highlight=*:*
Treasure on a Loch,John Brown,https://collections.ed.ac.uk/art/record/22603?highlight=*:*
Untitled - Still Life with Flowers and Pitchers (1963),Helen Wishart,https://collections.ed.ac.uk/art/record/99452?highlight=*:*
Woman Seated (1954),John P Busby,https://collections.ed.ac.uk/art/record/21380?highlight=*:*
Full length portrait of man from behind with three-point hat and sabre (22 Mar 1951),Diana M. Douglas-Hamilton,https://collections.ed.ac.uk/art/record/53527?highlight=*:*
Saucer,Emma Gillies,https://collections.ed.ac.uk/art/record/53624?highlight=*:*
Seated Male Nude reading newspaper (1960),Jean Richie,https://collections.ed.ac.uk/art/record/20791?highlight=*:*
Saucer,Emma Gillies,https://collections.ed.ac.uk/art/record/53631?highlight=*:*
Untitled - Life Drawing of Skeletons (1963),William O. Little,https://collections.ed.ac.uk/art/record/99268?highlight=*:*
"Seated Fate, east pediment of the Parthenon",NA,https://collections.ed.ac.uk/art/record/20637?highlight=*:*
Untitled,David C Duke,https://collections.ed.ac.uk/art/record/22574?highlight=*:*
'Gordini' Fairground Ride,Hazel Walker,https://collections.ed.ac.uk/art/record/21508?highlight=*:*
"3,500 Men (May 1986)",Andrew Arnott,https://collections.ed.ac.uk/art/record/99470?highlight=*:*
Portrait of a Man (1957),Unknown,https://collections.ed.ac.uk/art/record/21250?highlight=*:*
Jug,Emma Gillies,https://collections.ed.ac.uk/art/record/53722?highlight=*:*
Bust of St. Joseph (1912),C Pouzadoux,https://collections.ed.ac.uk/art/record/20550?highlight=*:*
Untitled (Unknown),S J Dooley,https://collections.ed.ac.uk/art/record/99912?highlight=*:*
Untitled (Unknown),Unknown,https://collections.ed.ac.uk/art/record/22000?highlight=*:*
Chinese spectacle case,Unknown,https://collections.ed.ac.uk/art/record/102704?highlight=*:*
Life Painting (1918),Anne Redpath,https://collections.ed.ac.uk/art/record/20735?highlight=*:*
Prendre la clef des Chaps (1963),Ann F Ward,https://collections.ed.ac.uk/art/record/99346?highlight=*:*
Lid,Emma Gillies,https://collections.ed.ac.uk/art/record/122079?highlight=*:*
Untitled (1969),John Stewart,https://collections.ed.ac.uk/art/record/99528?highlight=*:*
Unknown (1958),Katherine Cowan,https://collections.ed.ac.uk/art/record/50514?highlight=*:*
Studio Corner (2003),Peter Scott,https://collections.ed.ac.uk/art/record/99937?highlight=*:*
Untitled (Unknown),Unknown,https://collections.ed.ac.uk/art/record/21627?highlight=*:*
Big Top (Circa 1968),Gillian Mather,https://collections.ed.ac.uk/art/record/21485?highlight=*:*
Plate,Emma Gillies,https://collections.ed.ac.uk/art/record/53671?highlight=*:*
Drawing of a Seated Man (1955-1956),Eric Ritchie,https://collections.ed.ac.uk/art/record/20801?highlight=*:*
Still Life with Teapot,Bull,https://collections.ed.ac.uk/art/record/20757?highlight=*:*
Unknown (1947),Sheila Turnbull,https://collections.ed.ac.uk/art/record/50455?highlight=*:*
Life Painting (Circa 1952),David Michie,https://collections.ed.ac.uk/art/record/20737?highlight=*:*
Standing Nude (1960),John Johnstone,https://collections.ed.ac.uk/art/record/21358?highlight=*:*
Unknown (1985),Donald Provan,https://collections.ed.ac.uk/art/record/50418?highlight=*:*
Drawing of Reclining Nude Sculpture (15 May 1950),David Michie,https://collections.ed.ac.uk/art/record/21036?highlight=*:*
Portrait of a Seated Woman,Barbara Mackie,https://collections.ed.ac.uk/art/record/20999?highlight=*:*
Untitled (2004),Shona Van Dam,https://collections.ed.ac.uk/art/record/21791?highlight=*:*
Ashes and Diamonds (Unknown),David Freed,https://collections.ed.ac.uk/art/record/21654?highlight=*:*
Portrait of a Man (1954),Elizabeth Blackadder,https://collections.ed.ac.uk/art/record/21408?highlight=*:*
Untitled (2006),Amelia Smith,https://collections.ed.ac.uk/art/record/99863?highlight=*:*
Portrait of a Woman (1951),Andrew Kidd,https://collections.ed.ac.uk/art/record/21235?highlight=*:*
Boats and Collies (1929),Ernest S. Lumsden,https://collections.ed.ac.uk/art/record/21751?highlight=*:*
Unknown (1962),Kathleen Russell,https://collections.ed.ac.uk/art/record/50503?highlight=*:*
Portrait of Seated Woman (1952),Nicholas Patrick Reyntiens,https://collections.ed.ac.uk/art/record/21371?highlight=*:*
View of a Street (1980),Calum Wilson,https://collections.ed.ac.uk/art/record/21454?highlight=*:*
Child's collar. Chinese,Unknown,https://collections.ed.ac.uk/art/record/102674?highlight=*:*
Groom and horses from North Frieze of the Parthenon (1836-1837),NA,https://collections.ed.ac.uk/art/record/20713?highlight=*:*
Three studies on a pink ground (girl with clasped hands) (1949),Barbara Hepworth,https://collections.ed.ac.uk/art/record/20769?highlight=*:*
Fragment of ornament (arch springing),Unknown,https://collections.ed.ac.uk/art/record/20566?highlight=*:*
Abstract Landscape (1990),Robert Euman,https://collections.ed.ac.uk/art/record/22639?highlight=*:*
Untitled (1990-1991),Anne Weddell,https://collections.ed.ac.uk/art/record/21977?highlight=*:*
Opuntia Basilaris Engelmann and Bigelow 1856 (1993-1994),Jane Watt,https://collections.ed.ac.uk/art/record/99458?highlight=*:*
Standing Male Nude (1960),Thomas T Robertson,https://collections.ed.ac.uk/art/record/20806?highlight=*:*
Untitled - City Highrise (Feb 1962),William Gillon,https://collections.ed.ac.uk/art/record/99482?highlight=*:*
Portrait of a Man Seated (1959),C Byron,https://collections.ed.ac.uk/art/record/20914?highlight=*:*
Abstract Composition (1962),James T Carlyle,https://collections.ed.ac.uk/art/record/21280?highlight=*:*
Portrait of a Man (1961),James Fairgrieve,https://collections.ed.ac.uk/art/record/21396?highlight=*:*
Unknown (1948),John W. Corner,https://collections.ed.ac.uk/art/record/50516?highlight=*:*
Untitled (Unknown),Joanne Leonie Milne,https://collections.ed.ac.uk/art/record/21931?highlight=*:*
Unknown (1956),Alan M. Alexander,https://collections.ed.ac.uk/art/record/50597?highlight=*:*
Riders from West Frieze of the Parthenon (1836-1837),NA,https://collections.ed.ac.uk/art/record/20663?highlight=*:*
Back of Bennachie,Hazel Holmes,https://collections.ed.ac.uk/art/record/21623?highlight=*:*
Seated Male Nude (1955),Rosemary Gray,https://collections.ed.ac.uk/art/record/21188?highlight=*:*
Still Life with Garden Fork (1964),Alexander Moffat,https://collections.ed.ac.uk/art/record/93355?highlight=*:*
Untitled - Nude Female Lying On a Patterned Bed (1967),Kevin Maguire,https://collections.ed.ac.uk/art/record/99358?highlight=*:*
On Italian Balcony,Muriel Davidson,https://collections.ed.ac.uk/art/record/53477?highlight=*:*
Unknown (1989),Heather Macdonald,https://collections.ed.ac.uk/art/record/50428?highlight=*:*
Untitled - Portrait of A Woman (1982),Tina-Marja Leppanen-Ritchie,https://collections.ed.ac.uk/art/record/99434?highlight=*:*
Reclining Male Nude (1956),Ballantyne,https://collections.ed.ac.uk/art/record/21244?highlight=*:*
Unknown (1950),Alexander Cree,https://collections.ed.ac.uk/art/record/50544?highlight=*:*
Seated Female Nude (1959),W Bryden,https://collections.ed.ac.uk/art/record/21107?highlight=*:*
Saucer,Emma Gillies,https://collections.ed.ac.uk/art/record/53626?highlight=*:*
Hibernation (1987),Alastair Mack,https://collections.ed.ac.uk/art/record/21842?highlight=*:*
Untitled (Unknown),Victoria C F Bernie,https://collections.ed.ac.uk/art/record/21784?highlight=*:*
Espresso Cup,Emma Gillies,https://collections.ed.ac.uk/art/record/53695?highlight=*:*
Untitled - Portrait of a Reading Woman (Apr 1963),William Gillon,https://collections.ed.ac.uk/art/record/99478?highlight=*:*
Portrait of a Woman (1947),James Cumming,https://collections.ed.ac.uk/art/record/21363?highlight=*:*
Untitled (1967),Christine Watson,https://collections.ed.ac.uk/art/record/21772?highlight=*:*
Riders from the North Frieze of the Parthenon (1836-1837),NA,https://collections.ed.ac.uk/art/record/20699?highlight=*:*
From the Viking Age (1897),Pavlov Chailly,https://collections.ed.ac.uk/art/record/50469?highlight=*:*
Farm Building (01 May 1985),Allison E Sharpe,https://collections.ed.ac.uk/art/record/21467?highlight=*:*
Unknown (1952),Alistair Fairweather,https://collections.ed.ac.uk/art/record/50422?highlight=*:*
Espresso Saucer,Emma Gillies,https://collections.ed.ac.uk/art/record/53680?highlight=*:*
Stretching Male Nude (Circa 1953),Valerie Donaldson,https://collections.ed.ac.uk/art/record/20949?highlight=*:*
Untitled (1969),Richard Easson,https://collections.ed.ac.uk/art/record/99830?highlight=*:*
Portrait of a Young Man (1950),Alexander F Mitchell,https://collections.ed.ac.uk/art/record/21056?highlight=*:*
Teacup,Emma Gillies,https://collections.ed.ac.uk/art/record/53649?highlight=*:*
Untitled (1983),Robert Rivers,https://collections.ed.ac.uk/art/record/99801?highlight=*:*
Bust of Queen Nefertiti (White),Unknown,https://collections.ed.ac.uk/art/record/20622?highlight=*:*
Seated Male Nude (1955),J Salter,https://collections.ed.ac.uk/art/record/21193?highlight=*:*
Abstract Composition with Blue Stripes (1969),Ian G. Robertson,https://collections.ed.ac.uk/art/record/22562?highlight=*:*
Untitled (1987),Pamela Richardson,https://collections.ed.ac.uk/art/record/21570?highlight=*:*
Horse of Selene from the east pediment,NA,https://collections.ed.ac.uk/art/record/20634?highlight=*:*
Reclining Female Nude (Jan 1958),Walter Miller,https://collections.ed.ac.uk/art/record/20906?highlight=*:*
South Frieze of the Parthenon Frieze (1836-1837),NA,https://collections.ed.ac.uk/art/record/20691?highlight=*:*
Pylons in the Landscape (01 May 1985),Allison E Sharpe,https://collections.ed.ac.uk/art/record/21468?highlight=*:*
Untitled - Nude Woman in Red Reclining on a Red Couch (1963),Meriel A W de C Acton,https://collections.ed.ac.uk/art/record/99476?highlight=*:*
Untitled (1960),Elizabeth M. Hansen,https://collections.ed.ac.uk/art/record/99838?highlight=*:*
Unknown (1958),Andrew P. W. Conkie,https://collections.ed.ac.uk/art/record/50524?highlight=*:*
Obstacle - Exploded Drawing (2014),Charles Myatt,https://collections.ed.ac.uk/art/record/47456?highlight=*:*
Unknown,Alexander Cree,https://collections.ed.ac.uk/art/record/50548?highlight=*:*
Reclining Male Nude (1949),Zygmunt Bukowski,https://collections.ed.ac.uk/art/record/21324?highlight=*:*
Untitled (2007),Jo Ganter,https://collections.ed.ac.uk/art/record/99974?highlight=*:*
Portrait of a Woman (1953),Mary Edward,https://collections.ed.ac.uk/art/record/21197?highlight=*:*
Untitled (1971),Jan Haycoe,https://collections.ed.ac.uk/art/record/21836?highlight=*:*
Dish (1924),Emma Gillies,https://collections.ed.ac.uk/art/record/122068?highlight=*:*
Unknown (1953),Maurice Chamberlain,https://collections.ed.ac.uk/art/record/50559?highlight=*:*
South Frieze of the Parthenon Frieze (1836-1837),NA,https://collections.ed.ac.uk/art/record/20694?highlight=*:*
Standing Woman (1965),William Gillon,https://collections.ed.ac.uk/art/record/21315?highlight=*:*
Unknown (1960),Alan M. Alexander,https://collections.ed.ac.uk/art/record/50595?highlight=*:*
Face Value (2007),Annette Kierulf,https://collections.ed.ac.uk/art/record/99902?highlight=*:*
Bloomers,Unknown,https://collections.ed.ac.uk/art/record/102663?highlight=*:*
Standing Man with Scythe,John Houston,https://collections.ed.ac.uk/art/record/20770?highlight=*:*
Woman in a Blue Background,Ian Paterson,https://collections.ed.ac.uk/art/record/22696?highlight=*:*
Four way / Exchange Portfolio (Unknown),Unknown,https://collections.ed.ac.uk/art/record/99854?highlight=*:*
Standing Male Nude (1954),John P Busby,https://collections.ed.ac.uk/art/record/21377?highlight=*:*
Vilnius Academy of Fine Arts,Unknown,https://collections.ed.ac.uk/art/record/99853?highlight=*:*
Standing Male Nude Leaning on Plinth (1959),James C. Y. Gavin,https://collections.ed.ac.uk/art/record/20876?highlight=*:*
Untitled (1969),Rosemary Hamblin,https://collections.ed.ac.uk/art/record/22004?highlight=*:*
Untitled,Kirkland Main,https://collections.ed.ac.uk/art/record/99987?highlight=*:*
Riders from South Frieze of the Parthenon (1836-1837),NA,https://collections.ed.ac.uk/art/record/20726?highlight=*:*
Untitled,John Nichol,https://collections.ed.ac.uk/art/record/112448?highlight=*:*
Untited (1986),Paul Furneaux,https://collections.ed.ac.uk/art/record/21611?highlight=*:*
Portrait of a Man (1956),Lawrence F. Baxter,https://collections.ed.ac.uk/art/record/21182?highlight=*:*
Untitled (1946),Dorothy M. Peach,https://collections.ed.ac.uk/art/record/21738?highlight=*:*
Needle lace mat,Unknown,https://collections.ed.ac.uk/art/record/102712?highlight=*:*
Untitled (1968),Michael Jannarelli,https://collections.ed.ac.uk/art/record/22505?highlight=*:*
Standing Male Nude,John Houston,https://collections.ed.ac.uk/art/record/21047?highlight=*:*
Untitled (Unknown),Unknown,https://collections.ed.ac.uk/art/record/21946?highlight=*:*
Ship in the Dockyard,Caroline Boyle,https://collections.ed.ac.uk/art/record/21502?highlight=*:*
Standing Male Nude (1939),Heather Measham,https://collections.ed.ac.uk/art/record/21137?highlight=*:*
Untitled (1986),Sylvia Cameron,https://collections.ed.ac.uk/art/record/21716?highlight=*:*
Leopard,Emma Gillies,https://collections.ed.ac.uk/art/record/122123?highlight=*:*
Standing Male Nude (1959),Lys Hansen,https://collections.ed.ac.uk/art/record/20955?highlight=*:*
Udder Hand (2016),Eden Hawkins,https://collections.ed.ac.uk/art/record/99265?highlight=*:*
"Commercial Street, Leith (Jan 1950)",John W. Corner,https://collections.ed.ac.uk/art/record/50515?highlight=*:*
Standing Male Nude (1959),Kenneth Dingwall,https://collections.ed.ac.uk/art/record/21332?highlight=*:*
Untitled (Unknown),Sabine R,https://collections.ed.ac.uk/art/record/21640?highlight=*:*
Tiger Tiger (Unknown),Enid Marx,https://collections.ed.ac.uk/art/record/21664?highlight=*:*
Untitled (1969),Moira Johnson,https://collections.ed.ac.uk/art/record/22021?highlight=*:*
Untitled (Unknown),Unknown,https://collections.ed.ac.uk/art/record/21862?highlight=*:*
Unknown (1950),Francis Curran,https://collections.ed.ac.uk/art/record/50505?highlight=*:*
Hare (1920s),Emma Gillies,https://collections.ed.ac.uk/art/record/122127?highlight=*:*
Two Seated Women and One Standing Woman (1949),Douglas Gordon,https://collections.ed.ac.uk/art/record/21099?highlight=*:*
Small Landscape (1946),Dorothy M. Peach,https://collections.ed.ac.uk/art/record/21069?highlight=*:*
Portrait of Standing Woman seen from behind,Jacqueline A N Stieger,https://collections.ed.ac.uk/art/record/20822?highlight=*:*
Riders from the West Frieze of the Parthenon (1836-1837),NA,https://collections.ed.ac.uk/art/record/20671?highlight=*:*
Riders from West Frieze of the Parthenon (1836-1837),NA,https://collections.ed.ac.uk/art/record/20666?highlight=*:*
Embroidered panel,Winsome Douglass,https://collections.ed.ac.uk/art/record/113834?highlight=*:*
Unknown (Unknown),Unknown,https://collections.ed.ac.uk/art/record/21867?highlight=*:*
Untitled - Print of Figures Lying in a Garden (1962),Ann F Ward,https://collections.ed.ac.uk/art/record/99337?highlight=*:*
The Dive (1966),William S. T. Brodie,https://collections.ed.ac.uk/art/record/22601?highlight=*:*
Portrait of a Man,Kirsty Ratt,https://collections.ed.ac.uk/art/record/21439?highlight=*:*
Untitled - Nude Female Sitting (1967),Kevin Maguire,https://collections.ed.ac.uk/art/record/99359?highlight=*:*
Untitled (2002),Adrian Rodriguez,https://collections.ed.ac.uk/art/record/99944?highlight=*:*
Unnamed (2002),Ky Ober,https://collections.ed.ac.uk/art/record/99950?highlight=*:*
"Metope 11, south entablature, Parthenon (1837)",NA,https://collections.ed.ac.uk/art/record/20648?highlight=*:*
Untitled (1983),Susan Coles,https://collections.ed.ac.uk/art/record/21892?highlight=*:*
3 peakcocks all sitting in similar position on tree branch (1962-1963),Lesley M. Johns,https://collections.ed.ac.uk/art/record/99331?highlight=*:*
15th Century Italian (Feb 1982),Carol Binnie,https://collections.ed.ac.uk/art/record/21976?highlight=*:*
View from a Window,Sylvia Mackiewicz,https://collections.ed.ac.uk/art/record/21453?highlight=*:*
Dog (1966),James Fairgrieve,https://collections.ed.ac.uk/art/record/21345?highlight=*:*
Unknown (1963),Ruth Walker,https://collections.ed.ac.uk/art/record/50504?highlight=*:*
Standing Female Nude (1957),D G Seymour,https://collections.ed.ac.uk/art/record/20963?highlight=*:*
Stairway (Circa 1979),Jean B. M. Lothian,https://collections.ed.ac.uk/art/record/22636?highlight=*:*
Portrait of a Man (1959),Campbell,https://collections.ed.ac.uk/art/record/20971?highlight=*:*
Seated Female Nude (1939-1940),Robert A Campbell,https://collections.ed.ac.uk/art/record/21128?highlight=*:*
Untitled (Unknown),Unknown,https://collections.ed.ac.uk/art/record/99825?highlight=*:*
Untitled (1965),Wilson,https://collections.ed.ac.uk/art/record/22485?highlight=*:*
Unknown (24 May 1962),John Picking,https://collections.ed.ac.uk/art/record/50551?highlight=*:*
Riders from South Frieze of the Parthenon (1836-1837),NA,https://collections.ed.ac.uk/art/record/20720?highlight=*:*
Hedge Cut (1998),John Brown,https://collections.ed.ac.uk/art/record/21852?highlight=*:*
Unknown (1950),John W. Corner,https://collections.ed.ac.uk/art/record/50519?highlight=*:*
Seated Male Nude with Blanket (1959),W Campbell,https://collections.ed.ac.uk/art/record/20972?highlight=*:*
Untitled (1981),Jodie Pear,https://collections.ed.ac.uk/art/record/21922?highlight=*:*
Kneeling Male Nude (1965-1966),George Donald,https://collections.ed.ac.uk/art/record/21174?highlight=*:*
Untitled (Unknown),Unknown,https://collections.ed.ac.uk/art/record/21978?highlight=*:*
Portrait of a Man,A Sinclair,https://collections.ed.ac.uk/art/record/21471?highlight=*:*
Seated Female Nude (Circa 1964),Alexander Moffat,https://collections.ed.ac.uk/art/record/21337?highlight=*:*
Unknown,Unknown,https://collections.ed.ac.uk/art/record/53505?highlight=*:*
Unknown (1957),Peter Coyle,https://collections.ed.ac.uk/art/record/50512?highlight=*:*
Untitled (2002),Elaine Bay,https://collections.ed.ac.uk/art/record/99948?highlight=*:*
Seated Female Nude (1954),D Stewart Lowdon,https://collections.ed.ac.uk/art/record/21241?highlight=*:*
19th century handkerchief (1800-1899),Unknown,https://collections.ed.ac.uk/art/record/102683?highlight=*:*
Body Print (1982),Paul Duffus,https://collections.ed.ac.uk/art/record/21965?highlight=*:*
Snow Covered Landscape,Sheila Arnot,https://collections.ed.ac.uk/art/record/21479?highlight=*:*
Portrait of a Man,Michael Douleny,https://collections.ed.ac.uk/art/record/21480?highlight=*:*
Angel Playing Pipes,Unknown,https://collections.ed.ac.uk/art/record/20608?highlight=*:*
Untitled (2002),Ahjae Lim,https://collections.ed.ac.uk/art/record/99936?highlight=*:*
Unknown,Unknown,https://collections.ed.ac.uk/art/record/53542?highlight=*:*
Water Dance (Porthmeor) IV (2006),Wilhelmina Barns-Graham CBE HRSA HRSW,https://collections.ed.ac.uk/art/record/54753?highlight=*:*
Aphrodite and Eros East Frieze of the Parthenon,NA,https://collections.ed.ac.uk/art/record/20683?highlight=*:*
Untitled - Man Sitting at the Table Drinking Tea (01 May 1961),John C Mark Jones,https://collections.ed.ac.uk/art/record/99259?highlight=*:*
Taking the Veil (1987),Elspeth Lamb,https://collections.ed.ac.uk/art/record/21924?highlight=*:*
House in a Landscape,Unknown,https://collections.ed.ac.uk/art/record/21501?highlight=*:*
Untitled (2003),Andrea Bain,https://collections.ed.ac.uk/art/record/99928?highlight=*:*
"Barges, 1 Jan '63 (1963)",Geoffrey J Roper,https://collections.ed.ac.uk/art/record/99369?highlight=*:*
High St. Harlesden (1964-1965),Gordon Bryce,https://collections.ed.ac.uk/art/record/99283?highlight=*:*
Game Birds,George Glen,https://collections.ed.ac.uk/art/record/53607?highlight=*:*
Untitled (2002),Kirsty MacDonald,https://collections.ed.ac.uk/art/record/99929?highlight=*:*
Untitled (1963),Ruth Walker,https://collections.ed.ac.uk/art/record/22023?highlight=*:*
Seated Male Nude (1953),Ian Short,https://collections.ed.ac.uk/art/record/20941?highlight=*:*
View of a Street and Market (1948),Marjorie Wallace,https://collections.ed.ac.uk/art/record/20853?highlight=*:*
Part of petticoat,Unknown,https://collections.ed.ac.uk/art/record/100004?highlight=*:*
Zoo 9th May (1962-1963),Lesley M. Johns,https://collections.ed.ac.uk/art/record/99330?highlight=*:*
Bubbie's Bay (2006),Rhoda Rosenburg,https://collections.ed.ac.uk/art/record/99878?highlight=*:*
Untitled (2003),Scott Laverie,https://collections.ed.ac.uk/art/record/93377?highlight=*:*
Seated Female Nude (1953),George Hamilton,https://collections.ed.ac.uk/art/record/20931?highlight=*:*
Portrait of a Woman (1958),John Boyd,https://collections.ed.ac.uk/art/record/20957?highlight=*:*
Untitled (Unknown),Unknown,https://collections.ed.ac.uk/art/record/21633?highlight=*:*
Unknown (1985),Sarah Setchfield,https://collections.ed.ac.uk/art/record/50432?highlight=*:*
House and Figures in a Landscape,Judith A. Heller,https://collections.ed.ac.uk/art/record/22578?highlight=*:*
Portrait of a Standing Woman (1950),Edward Stratton,https://collections.ed.ac.uk/art/record/20825?highlight=*:*
Untitled (Unknown),Unknown,https://collections.ed.ac.uk/art/record/21713?highlight=*:*
Unknown (1950),Patrick W. Barclay,https://collections.ed.ac.uk/art/record/50620?highlight=*:*
Teacup,Emma Gillies,https://collections.ed.ac.uk/art/record/53638?highlight=*:*
Cow,Emma Gillies,https://collections.ed.ac.uk/art/record/53752?highlight=*:*
Untitled (Unknown),Renny Tait,https://collections.ed.ac.uk/art/record/21645?highlight=*:*
Unknown (1960),Hugh Deans,https://collections.ed.ac.uk/art/record/53572?highlight=*:*
Unknown,Unknown,https://collections.ed.ac.uk/art/record/50419?highlight=*:*
La Messe de Minuit - Église St Eustache (1963),Ann F Ward,https://collections.ed.ac.uk/art/record/99342?highlight=*:*
Aduton 51 (1977),Paul Feiler,https://collections.ed.ac.uk/art/record/21666?highlight=*:*
Standing Woman (1959),C Byron,https://collections.ed.ac.uk/art/record/20915?highlight=*:*
Untitled (Unknown),Louisa Burnett Hall,https://collections.ed.ac.uk/art/record/21958?highlight=*:*
Seated Female Nude with Striped Floor Drape,Unknown,https://collections.ed.ac.uk/art/record/22642?highlight=*:*
Untitled (1969),Jennifer M. Hughes,https://collections.ed.ac.uk/art/record/99837?highlight=*:*
Espresso Cup,Emma Gillies,https://collections.ed.ac.uk/art/record/53693?highlight=*:*
Untitled (Unknown),Unknown,https://collections.ed.ac.uk/art/record/21621?highlight=*:*
Falling Figure in an Autumn Valley (1968),Alistair T. B. Burns,https://collections.ed.ac.uk/art/record/22589?highlight=*:*
Untitled - Abstract Road (1965),Laura McPherson,https://collections.ed.ac.uk/art/record/99393?highlight=*:*
Portrait of a Woman's Head (1948),Thomson,https://collections.ed.ac.uk/art/record/20842?highlight=*:*
Light Around Limbo (2016),Joseph Glover,https://collections.ed.ac.uk/art/record/99263?highlight=*:*
Untitled (2002),Sarah Sanford,https://collections.ed.ac.uk/art/record/99954?highlight=*:*
Wildflowers and Butterfly (Circa 1954),John P Busby,https://collections.ed.ac.uk/art/record/22627?highlight=*:*
Standing Male Nude (1930-1931),John McNairn,https://collections.ed.ac.uk/art/record/21140?highlight=*:*
Unknown,Unknown,https://collections.ed.ac.uk/art/record/53581?highlight=*:*
Untitled (1967),Margaret Lothian,https://collections.ed.ac.uk/art/record/22026?highlight=*:*
Untitled (Unknown),Unknown,https://collections.ed.ac.uk/art/record/21870?highlight=*:*
Portrait of a Bearded Man (1960),Marjory Dickson,https://collections.ed.ac.uk/art/record/20992?highlight=*:*
Still Life with Green Boots and Knotted Rope (1987),Sheila Arnot,https://collections.ed.ac.uk/art/record/22543?highlight=*:*
Untitled (1965),Hugh Tuckerman,https://collections.ed.ac.uk/art/record/22025?highlight=*:*
Untitled (Unknown),Unknown,https://collections.ed.ac.uk/art/record/21551?highlight=*:*
Drawing of Monaghan (1955),Edith Duke,https://collections.ed.ac.uk/art/record/21217?highlight=*:*
Unknown (1950),Katherine B K Burns,https://collections.ed.ac.uk/art/record/50571?highlight=*:*
Standing Male Nude (1959),Gwen Reilly,https://collections.ed.ac.uk/art/record/21151?highlight=*:*
Inscription Panel from Trajan's Column (right side),Unknown,https://collections.ed.ac.uk/art/record/20537?highlight=*:*
Reclining Female Nude (14 Dec 1952),Llewella Brayne,https://collections.ed.ac.uk/art/record/20940?highlight=*:*
Untitled - Standing Nude Female (1963-1964),Irene G. Thomson,https://collections.ed.ac.uk/art/record/99419?highlight=*:*
Untitled - Nude Woman Wearing Veil (1962),June M. Morgan,https://collections.ed.ac.uk/art/record/99354?highlight=*:*
Townscape with Church (1955),Margaret Proudfoot,https://collections.ed.ac.uk/art/record/21034?highlight=*:*
Untitled (1962),Carl O Ekevall,https://collections.ed.ac.uk/art/record/99497?highlight=*:*
Two Girls by the Harbour (2006),John Bellany,https://collections.ed.ac.uk/art/record/21531?highlight=*:*
Untitled (1983),Unknown,https://collections.ed.ac.uk/art/record/21837?highlight=*:*
Untitled (1968),Maureen Purcell,https://collections.ed.ac.uk/art/record/22499?highlight=*:*
Portrait of Standing Woman wearing Overalls (1959),Denness Morton,https://collections.ed.ac.uk/art/record/20889?highlight=*:*
Unknown,Audry Redpath,https://collections.ed.ac.uk/art/record/50434?highlight=*:*
Swirl V (1998),Fionna Buck,https://collections.ed.ac.uk/art/record/21674?highlight=*:*
Landscape (1951),James P W Syme,https://collections.ed.ac.uk/art/record/20836?highlight=*:*
Reclining Female Nude (1953),Iain West,https://collections.ed.ac.uk/art/record/20783?highlight=*:*
Toledo (1950),Alastair Flattely,https://collections.ed.ac.uk/art/record/21374?highlight=*:*
Standing Female Nude (Nov 1957),Walter Miller,https://collections.ed.ac.uk/art/record/20908?highlight=*:*
Unknown (1950),James Bowman,https://collections.ed.ac.uk/art/record/50610?highlight=*:*
Isobel L Alexander sampler (1944),Isobel L Alexander,https://collections.ed.ac.uk/art/record/102668?highlight=*:*
Seated Female Nude (1958),David Rifat,https://collections.ed.ac.uk/art/record/20873?highlight=*:*
Portrait of a Woman (1959),Kenneth Dingwall,https://collections.ed.ac.uk/art/record/21328?highlight=*:*
Untitled (Unknown),David Giblin,https://collections.ed.ac.uk/art/record/21635?highlight=*:*
Unknown (1957),Alejandro B. Brasó,https://collections.ed.ac.uk/art/record/50602?highlight=*:*
Untitled (1967),Laurence Roche,https://collections.ed.ac.uk/art/record/22480?highlight=*:*
Bust of Queen Nefertiti (Coloured),NA,https://collections.ed.ac.uk/art/record/20621?highlight=*:*
Study for Mural - Industrial Unrest,R Callender,https://collections.ed.ac.uk/art/record/21147?highlight=*:*
No 98 (1960),John Johnstone,https://collections.ed.ac.uk/art/record/99256?highlight=*:*
Minoan Fertility Goddess Figurines (2017),Daisy Silver,https://collections.ed.ac.uk/art/record/100015?highlight=*:*
Craigleith Island July '92 (1992),Delia M Surplice,https://collections.ed.ac.uk/art/record/99415?highlight=*:*
Untitled (Unknown),Unknown,https://collections.ed.ac.uk/art/record/99960?highlight=*:*
Italian quilting in frame,Unknown,https://collections.ed.ac.uk/art/record/102666?highlight=*:*
Portrait of a Man (1968),Donald C S Shaw,https://collections.ed.ac.uk/art/record/21403?highlight=*:*
Tskihrva (Unknown),Boris Bućan,https://collections.ed.ac.uk/art/record/22043?highlight=*:*
Untitled - Cubist Guitar Player (1963),Ann F Ward,https://collections.ed.ac.uk/art/record/99350?highlight=*:*
Legless Graham (Unknown),Jennifer Blake,https://collections.ed.ac.uk/art/record/21997?highlight=*:*
Landscape (1987),Brian Godley,https://collections.ed.ac.uk/art/record/112496?highlight=*:*
Untitled (1964),Carol Handyside,https://collections.ed.ac.uk/art/record/99840?highlight=*:*
Unknown (1968),Kenneth R Duffy,https://collections.ed.ac.uk/art/record/99514?highlight=*:*
Felicity Who Went to Peru (1986),Faye Banks,https://collections.ed.ac.uk/art/record/21897?highlight=*:*
Male Nude with Staff (verso),Zygmunt Bukowski,https://collections.ed.ac.uk/art/record/22654?highlight=*:*
Portrait of a Woman (1939),Olivia Cochrane,https://collections.ed.ac.uk/art/record/21132?highlight=*:*
Plate (1924),Emma Gillies,https://collections.ed.ac.uk/art/record/53727?highlight=*:*
Jug,Emma Gillies,https://collections.ed.ac.uk/art/record/53741?highlight=*:*
Pair of sleeves,Unknown,https://collections.ed.ac.uk/art/record/102676?highlight=*:*
Black Bodice (1996),Anna Millar,https://collections.ed.ac.uk/art/record/22612?highlight=*:*
Three Views of a Standing Male Nude with hand on hip (1948),John Thompson,https://collections.ed.ac.uk/art/record/20845?highlight=*:*
Hairy Veg (2016),Eden Hawkins,https://collections.ed.ac.uk/art/record/99266?highlight=*:*
Untitled - Children Playing (1963),Monika L I Uecker,https://collections.ed.ac.uk/art/record/99445?highlight=*:*
Portrait of a Bearded Man (1956),James Lennox,https://collections.ed.ac.uk/art/record/21192?highlight=*:*
Unknown (1957),Peter G. Collins,https://collections.ed.ac.uk/art/record/50399?highlight=*:*
Reclining Male Nude (Feb 1951),L Weir,https://collections.ed.ac.uk/art/record/21223?highlight=*:*
Unknown (1994),Esther Tacke,https://collections.ed.ac.uk/art/record/21914?highlight=*:*
Standing Man with Scythe,John Houston,https://collections.ed.ac.uk/art/record/21046?highlight=*:*
Study for picture 'Waking of Brynhildr' (1897),Pavlov Chailly,https://collections.ed.ac.uk/art/record/50470?highlight=*:*
Portrait of a Woman (1949),Leszek Muszynski,https://collections.ed.ac.uk/art/record/21076?highlight=*:*
Small Portrait of a Woman in Brown,Polly A. Lister,https://collections.ed.ac.uk/art/record/22672?highlight=*:*
Woodland #4 (2007),Asbjorn Hollerud,https://collections.ed.ac.uk/art/record/99898?highlight=*:*
Untitled - Abstract Forest Landscape (1965-1966),Laura McPherson,https://collections.ed.ac.uk/art/record/99391?highlight=*:*
Unknown (1952),Leonard I. H. Gray,https://collections.ed.ac.uk/art/record/53487?highlight=*:*
Untitled - Three Horse Riders (1963),Iona Murray,https://collections.ed.ac.uk/art/record/99403?highlight=*:*
Teapot Lid,Emma Gillies,https://collections.ed.ac.uk/art/record/53745?highlight=*:*
Portrait of a Young Man (1951),Pamela D Moore,https://collections.ed.ac.uk/art/record/21050?highlight=*:*
Seated Male Nude in High-back Chair (1969),James Campbell,https://collections.ed.ac.uk/art/record/21270?highlight=*:*
Graveyard and Church Ruins,Alistair Hartleby (?),https://collections.ed.ac.uk/art/record/21498?highlight=*:*
Untitled (1962),Deborah Eadie,https://collections.ed.ac.uk/art/record/112447?highlight=*:*
Unknown (18 May 1948),Edward A. Gage,https://collections.ed.ac.uk/art/record/50630?highlight=*:*
Hyde Park,Unknown,https://collections.ed.ac.uk/art/record/50476?highlight=*:*
Archway,Louise Allardyce,https://collections.ed.ac.uk/art/record/21524?highlight=*:*
Figures and Sunshine (1962),Leon Francesco Morrocco,https://collections.ed.ac.uk/art/record/21400?highlight=*:*
Untitled (1980),Unknown,https://collections.ed.ac.uk/art/record/99824?highlight=*:*
Untitled - Portrait of a Man (1968),Alistair Bell,https://collections.ed.ac.uk/art/record/99378?highlight=*:*
Unknown (24 Jan 1947),Eric Forrest,https://collections.ed.ac.uk/art/record/50588?highlight=*:*
Poirtrait of a Man,A Sinclair,https://collections.ed.ac.uk/art/record/21440?highlight=*:*
Unknown,Unknown,https://collections.ed.ac.uk/art/record/53541?highlight=*:*
Opuntia Basilaris Engelmann and Bigelow 1957 (1993-1994),Jane Watt,https://collections.ed.ac.uk/art/record/99459?highlight=*:*
Portrait of a Man (1959),John O'Neill,https://collections.ed.ac.uk/art/record/21154?highlight=*:*
Unknown (1958),Andrew P. W. Conkie,https://collections.ed.ac.uk/art/record/50525?highlight=*:*
Cow,Emma Gillies,https://collections.ed.ac.uk/art/record/53757?highlight=*:*
Unknown,Unknown,https://collections.ed.ac.uk/art/record/50381?highlight=*:*
Nude in Studio Interior (1896),Samuel John Peploe,https://collections.ed.ac.uk/art/record/20739?highlight=*:*
Untitled (Unknown),Marjorie Ann,https://collections.ed.ac.uk/art/record/99907?highlight=*:*
Portrait (1954),Ursula Giles,https://collections.ed.ac.uk/art/record/21207?highlight=*:*
Quick Sketch (1950),Patrick W. Barclay,https://collections.ed.ac.uk/art/record/50619?highlight=*:*
Design folio (1961),Sheila Flinn,https://collections.ed.ac.uk/art/record/102686?highlight=*:*
Plate,Emma Gillies,https://collections.ed.ac.uk/art/record/53707?highlight=*:*
Plate,Emma Gillies,https://collections.ed.ac.uk/art/record/53672?highlight=*:*
Untitled (1994),Sara Ogilvie,https://collections.ed.ac.uk/art/record/21961?highlight=*:*
Transposition (Red and Gold) (2014),Emma Smith,https://collections.ed.ac.uk/art/record/47457?highlight=*:*
Couple Near a Window,Unknown,https://collections.ed.ac.uk/art/record/22597?highlight=*:*
Bust of the Prima Porta Augustus Caesar (Post 1863),NA,https://collections.ed.ac.uk/art/record/20549?highlight=*:*
Teacup,Emma Gillies,https://collections.ed.ac.uk/art/record/53645?highlight=*:*
Dispersion (1991),Alastair Clark,https://collections.ed.ac.uk/art/record/21911?highlight=*:*
Unknown,George Roderick Carmichael,https://collections.ed.ac.uk/art/record/50566?highlight=*:*
Reclining Male Nude (1954),Alex Sutherland,https://collections.ed.ac.uk/art/record/21248?highlight=*:*
Portrait of a Seated Woman (1954),John P Busby,https://collections.ed.ac.uk/art/record/21376?highlight=*:*
Untitled (1954),Ian Hodkinson,https://collections.ed.ac.uk/art/record/111041?highlight=*:*
Unttiled (Unknown),Adam M Martin,https://collections.ed.ac.uk/art/record/21830?highlight=*:*
Untitled (2003),Robin Kukiel,https://collections.ed.ac.uk/art/record/99932?highlight=*:*
Unknown (1949),Richard Lovell,https://collections.ed.ac.uk/art/record/50488?highlight=*:*
Untitled (Unknown),Margaret Clyde,https://collections.ed.ac.uk/art/record/21628?highlight=*:*
Jug,Emma Gillies,https://collections.ed.ac.uk/art/record/53623?highlight=*:*
Espresso Cup,Emma Gillies,https://collections.ed.ac.uk/art/record/53701?highlight=*:*
Untitled - Drawing of Harbour (1967),Isobel T Johnstone,https://collections.ed.ac.uk/art/record/99255?highlight=*:*
Untitled (1966),Jean Selby,https://collections.ed.ac.uk/art/record/22478?highlight=*:*
Distortion 2 (2014),Ainsley Francis,https://collections.ed.ac.uk/art/record/47453?highlight=*:*
Broderie Anglais jacket,Unknown,https://collections.ed.ac.uk/art/record/102664?highlight=*:*
Reclining Male Nude (1957),William J. Dungate,https://collections.ed.ac.uk/art/record/20964?highlight=*:*
Standing Woman,John Bellany,https://collections.ed.ac.uk/art/record/20766?highlight=*:*
Embroidered panel,Winsome Douglass,https://collections.ed.ac.uk/art/record/113835?highlight=*:*
Homage to Ernest Hemingway (Circa 1967),Michael Docherty,https://collections.ed.ac.uk/art/record/20750?highlight=*:*
Portrait of a Man (1951),James Wilson,https://collections.ed.ac.uk/art/record/21226?highlight=*:*
Untitled - Figure Drawing of A Woman Sitting on the Side of a Chair (1964-1965),Gordon Bryce,https://collections.ed.ac.uk/art/record/99274?highlight=*:*
Untitled (1984),Unknown,https://collections.ed.ac.uk/art/record/21602?highlight=*:*
Fish in a Whirlpool (1953),Hans Jelinek,https://collections.ed.ac.uk/art/record/21653?highlight=*:*
Unknown,Alistair Fairweather,https://collections.ed.ac.uk/art/record/50426?highlight=*:*
Unknown (1947-1948),Marjorie Wallace,https://collections.ed.ac.uk/art/record/50444?highlight=*:*
Unknown (Unknown),Unknown,https://collections.ed.ac.uk/art/record/21904?highlight=*:*
Untitled (2007),Rob Hunter,https://collections.ed.ac.uk/art/record/99893?highlight=*:*
Untitled (Unknown),Unknown,https://collections.ed.ac.uk/art/record/21988?highlight=*:*
North Berwick from Belhaven Bay (Unknown),Catherine Orbach,https://collections.ed.ac.uk/art/record/21792?highlight=*:*
Seated Man in Traditional Dress (1960s),Barreton,https://collections.ed.ac.uk/art/record/21290?highlight=*:*
Reclining Female Nude (1953),Mary Edmond,https://collections.ed.ac.uk/art/record/20895?highlight=*:*
Landscape (Circa 1988),Arlene Isbister,https://collections.ed.ac.uk/art/record/22604?highlight=*:*
Seated Female Nude (1953),Laura Nye,https://collections.ed.ac.uk/art/record/21117?highlight=*:*
Untitled (2006),Siri Gossman,https://collections.ed.ac.uk/art/record/99883?highlight=*:*
Beginning (Unknown),Unknown,https://collections.ed.ac.uk/art/record/21926?highlight=*:*
Portrait of a Man (1959),Jean I. Beattie,https://collections.ed.ac.uk/art/record/20919?highlight=*:*
Untitled (Unknown),S J Dooley,https://collections.ed.ac.uk/art/record/99911?highlight=*:*
Untitled (2007),Vikki Hill,https://collections.ed.ac.uk/art/record/99966?highlight=*:*
Untitled (Unknown),Donald Clark,https://collections.ed.ac.uk/art/record/21636?highlight=*:*
Trafalgar Square (1963),Unknown,https://collections.ed.ac.uk/art/record/21773?highlight=*:*
Seated Nude Woman (1951),James P W Syme,https://collections.ed.ac.uk/art/record/22513?highlight=*:*
Shell-Shapes (1989),Dorothy Black,https://collections.ed.ac.uk/art/record/21973?highlight=*:*
Unknown (1969),Brent D. Millar,https://collections.ed.ac.uk/art/record/50378?highlight=*:*
Coupar,Unknown,https://collections.ed.ac.uk/art/record/50409?highlight=*:*
Lucius Junius Brutus,NA,https://collections.ed.ac.uk/art/record/20561?highlight=*:*
Reclining Female Nude (1952),John Houston,https://collections.ed.ac.uk/art/record/21352?highlight=*:*
Two Boxes on Pink (Circa 1968),Maureen Marshall,https://collections.ed.ac.uk/art/record/22563?highlight=*:*
Serving Plate,Emma Gillies,https://collections.ed.ac.uk/art/record/53619?highlight=*:*
Ecorche of Houdon,Unknown,https://collections.ed.ac.uk/art/record/20602?highlight=*:*
Portrait of a Man in a Suit (Mar 1963),John Bellany,https://collections.ed.ac.uk/art/record/20776?highlight=*:*
Untitled (Unknown),Unknown,https://collections.ed.ac.uk/art/record/21569?highlight=*:*
Unknown,Alistair Fairweather,https://collections.ed.ac.uk/art/record/50424?highlight=*:*
Student in the Studio,Leon Francesco Morrocco,https://collections.ed.ac.uk/art/record/21401?highlight=*:*
Portrait of a Young Man (1950),Norman Nisbet,https://collections.ed.ac.uk/art/record/21074?highlight=*:*
Riders from the West Frieze of the Parthenon (1836-1837),NA,https://collections.ed.ac.uk/art/record/20668?highlight=*:*
Twist (1989),Dorothy Black,https://collections.ed.ac.uk/art/record/21849?highlight=*:*
Tangled Leaves,Susan Alexander,https://collections.ed.ac.uk/art/record/50401?highlight=*:*
Portrait of a Man in a Suit (1958),Ian Hodkinson,https://collections.ed.ac.uk/art/record/20881?highlight=*:*
Sitting Nude Woman (1967),Jean B. M. Lothian,https://collections.ed.ac.uk/art/record/22626?highlight=*:*
Unknown,Duncan Currie,https://collections.ed.ac.uk/art/record/50389?highlight=*:*
Untitled (1986),Andrew Arnott,https://collections.ed.ac.uk/art/record/21626?highlight=*:*
Abstract,L Henniker,https://collections.ed.ac.uk/art/record/21455?highlight=*:*
Untitled (1981-1986),Paul John Croft,https://collections.ed.ac.uk/art/record/21860?highlight=*:*
Portrait of a Woman in a Hat (1958),Pat Calder,https://collections.ed.ac.uk/art/record/20959?highlight=*:*
Full Length Nude Female (1949),Edith A. Blight,https://collections.ed.ac.uk/art/record/22692?highlight=*:*
Portrait of a Woman (1939),Betty M. Ferguson,https://collections.ed.ac.uk/art/record/21130?highlight=*:*
Untitled (2007),Frea Buckler,https://collections.ed.ac.uk/art/record/99967?highlight=*:*
"Untitled - Abstract Orange, Blue, and Brown Shapes (1963)",Anthony J Valentine,https://collections.ed.ac.uk/art/record/99442?highlight=*:*
Study for Composition (1949),Alistair Smart,https://collections.ed.ac.uk/art/record/50477?highlight=*:*
"Architrave and lintel from Collegiate Church of St Gertrude, Nivelles, Belgium (Anglo-Saxon)",Unknown,https://collections.ed.ac.uk/art/record/20552?highlight=*:*
Bowl,Emma Gillies,https://collections.ed.ac.uk/art/record/122078?highlight=*:*
Unknown (1960),Hugh Deans,https://collections.ed.ac.uk/art/record/53570?highlight=*:*
Modesty vest,Unknown,https://collections.ed.ac.uk/art/record/102682?highlight=*:*
Green Square Abstract,Unknown,https://collections.ed.ac.uk/art/record/22625?highlight=*:*
Saucer,Emma Gillies,https://collections.ed.ac.uk/art/record/53666?highlight=*:*
Angel with Candelabrum (facing right),Unknown,https://collections.ed.ac.uk/art/record/20542?highlight=*:*
Untitled (1991-1992),Kate McKenzie,https://collections.ed.ac.uk/art/record/21993?highlight=*:*
Untitled (1989),Joanne Leonie Milne,https://collections.ed.ac.uk/art/record/21909?highlight=*:*
Portrait of a Man (1959),Jean I. Beattie,https://collections.ed.ac.uk/art/record/20920?highlight=*:*
Charioteer facing right,NA,https://collections.ed.ac.uk/art/record/20660?highlight=*:*
"Bank of the Amstel, Amsterdam (30 Aug 1948)",Marjorie Wallace,https://collections.ed.ac.uk/art/record/50448?highlight=*:*
Untitled - Leaning Semi-Nude Male (1962),Roselyn M Underwood,https://collections.ed.ac.uk/art/record/99443?highlight=*:*
Interior Scene,Sigrid Gordon,https://collections.ed.ac.uk/art/record/21462?highlight=*:*
Untitled - Nude Male and Reflection (1967),Margaret Lothian,https://collections.ed.ac.uk/art/record/99271?highlight=*:*
(1965),Frances Sander,https://collections.ed.ac.uk/art/record/99526?highlight=*:*
Small brown female figure with long wavy hair,NA,https://collections.ed.ac.uk/art/record/20547?highlight=*:*
Untitled,Roy M. W. Cameron,https://collections.ed.ac.uk/art/record/112348?highlight=*:*
Portrait of a Man Seated (1960),Jane Heggie,https://collections.ed.ac.uk/art/record/20980?highlight=*:*
Portrait of a Woman (1954),David Ewans,https://collections.ed.ac.uk/art/record/21215?highlight=*:*
Portrait of Seated Woman (1965),William Gillon,https://collections.ed.ac.uk/art/record/21343?highlight=*:*
Man in Spanish Costume (1955),Alexander S Campbell,https://collections.ed.ac.uk/art/record/21317?highlight=*:*
Portrait of a Boy (1950),Cecile E. M. Johnstone,https://collections.ed.ac.uk/art/record/22667?highlight=*:*
Plate,Emma Gillies,https://collections.ed.ac.uk/art/record/53675?highlight=*:*
Untitled (1962),Carl O Ekevall,https://collections.ed.ac.uk/art/record/99496?highlight=*:*
Two Men Standing,Charlene Anderson,https://collections.ed.ac.uk/art/record/21091?highlight=*:*
Male Nude at Wash Bowl (recto),Unknown,https://collections.ed.ac.uk/art/record/22649?highlight=*:*
Seated Male Nude (1959),Denness Morton,https://collections.ed.ac.uk/art/record/21079?highlight=*:*
Portrait of a Man,Claudia Petretti,https://collections.ed.ac.uk/art/record/21441?highlight=*:*
Unitled (Unknown),S J Dooley,https://collections.ed.ac.uk/art/record/99909?highlight=*:*
Putto with a fish,Unknown,https://collections.ed.ac.uk/art/record/20540?highlight=*:*
Untitled - Bearded Man at the Table (20 Oct 1962),John C Mark Jones,https://collections.ed.ac.uk/art/record/99258?highlight=*:*
Unknown (1948),Mabel D. Lawford,https://collections.ed.ac.uk/art/record/50537?highlight=*:*
Untitled - Abstract Blue and Red Shapes (1989),Joanne Leonie Milne,https://collections.ed.ac.uk/art/record/99387?highlight=*:*
Unknown (1958),Andrew P. W. Conkie,https://collections.ed.ac.uk/art/record/50526?highlight=*:*
Interior Scene (1968),Ian Paterson,https://collections.ed.ac.uk/art/record/21341?highlight=*:*
Untitled (1963),L. Allan,https://collections.ed.ac.uk/art/record/22012?highlight=*:*
Standing Male Nude (21 May 1954),Margaret Proudfoot,https://collections.ed.ac.uk/art/record/21251?highlight=*:*
Sedilia from Lincluden Collegiate Church (1912),Joseph Cavagnari,https://collections.ed.ac.uk/art/record/20568?highlight=*:*
Copper Engraving (1949),Alfred Hackney,https://collections.ed.ac.uk/art/record/21826?highlight=*:*
Robin (1953),Diana M. Douglas-Hamilton,https://collections.ed.ac.uk/art/record/22741?highlight=*:*
Untitled (Unknown),Unknown,https://collections.ed.ac.uk/art/record/21565?highlight=*:*
Untitled,Sara Gough,https://collections.ed.ac.uk/art/record/112504?highlight=*:*
Portrait of Josephine Baker (1997),"Eduardo Luigi Paolozzi KBE, RA",https://collections.ed.ac.uk/art/record/50366?highlight=*:*
Sean Connery as a Life Model (1952),Alastair Fairweather,https://collections.ed.ac.uk/art/record/22598?highlight=*:*
Teacup,Emma Gillies,https://collections.ed.ac.uk/art/record/53634?highlight=*:*
Unknown (1949),James N. Hardie,https://collections.ed.ac.uk/art/record/50532?highlight=*:*
Jacopo Nani (2019),Brandon Logan,https://collections.ed.ac.uk/art/record/113742?highlight=*:*
Circus (1950),Cecile E M Johnston,https://collections.ed.ac.uk/art/record/21027?highlight=*:*
Unknown (1960),Hugh Deans,https://collections.ed.ac.uk/art/record/53574?highlight=*:*
Portrait of a Woman (1939-1940),James H Donaldson,https://collections.ed.ac.uk/art/record/21123?highlight=*:*
Unknown (1962),Leslie Johns,https://collections.ed.ac.uk/art/record/50479?highlight=*:*
Portrait of a Young Woman (1958),Richard McNeill,https://collections.ed.ac.uk/art/record/20890?highlight=*:*
Vision in Time III (2006),Wilhelmina Barns-Graham CBE HRSA HRSW,https://collections.ed.ac.uk/art/record/54752?highlight=*:*
Orange Abstract (1987),Alistair Banks,https://collections.ed.ac.uk/art/record/22724?highlight=*:*
Seated Man and Woman,Elizabeth Blackadder,https://collections.ed.ac.uk/art/record/20775?highlight=*:*
Legless Graham (Unknown),Jennifer Blake,https://collections.ed.ac.uk/art/record/21995?highlight=*:*
Untitled - Life Drawing of Reclining Nude Male (1967),Isobel T Johnstone,https://collections.ed.ac.uk/art/record/99250?highlight=*:*
Unknown (1953-1954),Lawrence F. Baxter,https://collections.ed.ac.uk/art/record/50616?highlight=*:*
Loading Cargo (1984),Gwyneth M. Leech,https://collections.ed.ac.uk/art/record/21902?highlight=*:*
Standing Male Nude (1957),Braso,https://collections.ed.ac.uk/art/record/21247?highlight=*:*
Teacup,Emma Gillies,https://collections.ed.ac.uk/art/record/53654?highlight=*:*
Untitled (1963),Madelene R Galloway,https://collections.ed.ac.uk/art/record/99821?highlight=*:*
Sixteen Boxes,John Mooney,https://collections.ed.ac.uk/art/record/21804?highlight=*:*
Abstract with White Paper Strips,Alistair J. Magee,https://collections.ed.ac.uk/art/record/22540?highlight=*:*
Portrait of a Man (1957),Norman E Kirkpatrick,https://collections.ed.ac.uk/art/record/21022?highlight=*:*
Portrait of a Man (1956),J Gorman,https://collections.ed.ac.uk/art/record/21181?highlight=*:*
Landscape (Circa 1950),Marion M Cooper,https://collections.ed.ac.uk/art/record/21389?highlight=*:*
The Smile You Put On Everyday (2016),Ruoyan Wang,https://collections.ed.ac.uk/art/record/99241?highlight=*:*
Reverse Reserve (1975),Gordon Mitchell,https://collections.ed.ac.uk/art/record/22522?highlight=*:*
Green Landscape (Circa 1967),Helen Pollock,https://collections.ed.ac.uk/art/record/21436?highlight=*:*
Drawing of Dominico Mancini (1946),Dorothy M. Peach,https://collections.ed.ac.uk/art/record/21740?highlight=*:*
Lid,Emma Gillies,https://collections.ed.ac.uk/art/record/122075?highlight=*:*
Seated Female Nude (1954),Leslie Drummond,https://collections.ed.ac.uk/art/record/21259?highlight=*:*
9 European Cafes: no 5: La Couple (Circa 1977),Timothy Morrison,https://collections.ed.ac.uk/art/record/22618?highlight=*:*
Untitled (1972),Lin Hunter,https://collections.ed.ac.uk/art/record/21834?highlight=*:*
Riders from South Frieze of the Parthenon (1836-1837),NA,https://collections.ed.ac.uk/art/record/20727?highlight=*:*
March Morning (Circa 1956),Peter G. Collins,https://collections.ed.ac.uk/art/record/22648?highlight=*:*
Self portrait (2006),Bridget Steed,https://collections.ed.ac.uk/art/record/99857?highlight=*:*
Portrait of a Woman (1964),Carole V Danielson,https://collections.ed.ac.uk/art/record/21346?highlight=*:*
Aerial (2007),Anna Warsop,https://collections.ed.ac.uk/art/record/99904?highlight=*:*
Seated Male Nude (Circa 1953),Mollie Parker,https://collections.ed.ac.uk/art/record/20948?highlight=*:*
Untitled (Unknown),Unknown,https://collections.ed.ac.uk/art/record/21617?highlight=*:*
Portrait of a Woman (1962),Hope,https://collections.ed.ac.uk/art/record/21281?highlight=*:*
Untitled - Two Boys in Patterned Shirts (1985-1986),Dorothy Black,https://collections.ed.ac.uk/art/record/99467?highlight=*:*
Portrait of a Woman (1960),Mary Shanks,https://collections.ed.ac.uk/art/record/20947?highlight=*:*
Unknown,Malcolm Clark,https://collections.ed.ac.uk/art/record/50413?highlight=*:*
"Unknown, abstract (2004)",Amy Marshall,https://collections.ed.ac.uk/art/record/99486?highlight=*:*
Harbour (1953-1954),Alistair M Park,https://collections.ed.ac.uk/art/record/21348?highlight=*:*
San Gimignano from the Fields (1989),Jane V Hyslop,https://collections.ed.ac.uk/art/record/21693?highlight=*:*
Architectural Scene,Joanne Leonie Milne,https://collections.ed.ac.uk/art/record/21451?highlight=*:*
Self Portrait,Jacqueline A N Stieger,https://collections.ed.ac.uk/art/record/22699?highlight=*:*
Untitled,Kirkland Main,https://collections.ed.ac.uk/art/record/99988?highlight=*:*
Standing Male Nude,A Wrever,https://collections.ed.ac.uk/art/record/20859?highlight=*:*
"Metope 5, south entablature, Parthenon (1837)",NA,https://collections.ed.ac.uk/art/record/20650?highlight=*:*
Portrait of a Young Man (1948),Sheena Page,https://collections.ed.ac.uk/art/record/21070?highlight=*:*
Standing Female Nude (1953),Eileen Duncan,https://collections.ed.ac.uk/art/record/20929?highlight=*:*
Portrait of Seated Man in Uniform (1952),Frances Walker,https://collections.ed.ac.uk/art/record/20848?highlight=*:*
Abstract (Unknown),Mark Harris,https://collections.ed.ac.uk/art/record/21660?highlight=*:*
Architectural Drawing,Adri C Chrichton,https://collections.ed.ac.uk/art/record/21514?highlight=*:*
Portrait of a Man (1955),Alexander S Campbell,https://collections.ed.ac.uk/art/record/21316?highlight=*:*
"Armorial panel from left tower of Mar's Wark, Stirling (Pre 1893)",Unknown,https://collections.ed.ac.uk/art/record/20555?highlight=*:*
Unknown,Fiona Hewitt,https://collections.ed.ac.uk/art/record/53599?highlight=*:*
Unknown,Unknown,https://collections.ed.ac.uk/art/record/50382?highlight=*:*
Untitled (Unknown),Victoria C F Bernie,https://collections.ed.ac.uk/art/record/21786?highlight=*:*
Untitled (Unknown),Unknown,https://collections.ed.ac.uk/art/record/21982?highlight=*:*
Untitled - Abstract Print of Foliage in Black and White (1982),Rena R. Simpson II,https://collections.ed.ac.uk/art/record/99332?highlight=*:*
Brick coloured woven fragment,Unknown,https://collections.ed.ac.uk/art/record/102701?highlight=*:*
Seated Female Nude (03 Oct 1957),Sheena McEwan,https://collections.ed.ac.uk/art/record/20899?highlight=*:*
Unknown (Unknown),Unknown,https://collections.ed.ac.uk/art/record/21807?highlight=*:*
Evening Jaipur No.2,Ernest S. Lumsden,https://collections.ed.ac.uk/art/record/21750?highlight=*:*
Hand Thrown Pot,Emma Gillies,https://collections.ed.ac.uk/art/record/53734?highlight=*:*
Reclining Female Nude (1955),Fiona C MacCormick,https://collections.ed.ac.uk/art/record/21014?highlight=*:*
Self Portrait (Nov 1981),Richard Wright,https://collections.ed.ac.uk/art/record/20771?highlight=*:*
Untitled,Unknown,https://collections.ed.ac.uk/art/record/102671?highlight=*:*
Unknown (1952),Rosemary Bagshaw,https://collections.ed.ac.uk/art/record/53518?highlight=*:*
untitled (Unknown),Valerie Anderson,https://collections.ed.ac.uk/art/record/21890?highlight=*:*
Prophet (1953),Ben Zion,https://collections.ed.ac.uk/art/record/21684?highlight=*:*
Untitled,R. Euman,https://collections.ed.ac.uk/art/record/112502?highlight=*:*
Unknown,Unknown,https://collections.ed.ac.uk/art/record/50407?highlight=*:*
View of a Fair (1949),David McClure,https://collections.ed.ac.uk/art/record/21333?highlight=*:*
"Temple Cottage, Temple, View of Garden",Sir William George Gillies,https://collections.ed.ac.uk/art/record/99221?highlight=*:*
Standing Male Nude with Staff (Circa 1952),David Michie,https://collections.ed.ac.uk/art/record/21035?highlight=*:*
Unknown (1975),Ruth Stiven,https://collections.ed.ac.uk/art/record/50398?highlight=*:*
Aux cinq billiards (1963),Ann F Ward,https://collections.ed.ac.uk/art/record/99340?highlight=*:*
Unknown (1955),Edith Duke,https://collections.ed.ac.uk/art/record/53526?highlight=*:*
Untitled (1974),Fiona Carlisle,https://collections.ed.ac.uk/art/record/21594?highlight=*:*
Teacup,Emma Gillies,https://collections.ed.ac.uk/art/record/53650?highlight=*:*
Unknown (Unknown),Margaret Clyde,https://collections.ed.ac.uk/art/record/21879?highlight=*:*
Unknown (1950),Jacquetta Burn-Callander,https://collections.ed.ac.uk/art/record/50574?highlight=*:*
Untitled - Abstract Ocean of Dark Reds and Greens and Blacks (1993),Norman Shaw,https://collections.ed.ac.uk/art/record/99463?highlight=*:*
Portrait of a Man in Spectacles (1958),Richard McNeill,https://collections.ed.ac.uk/art/record/20891?highlight=*:*
Smugglerius (1854),William Pink,https://collections.ed.ac.uk/art/record/20600?highlight=*:*
Portrait of Andrew Gorrie (1964),Joyce M Cumming,https://collections.ed.ac.uk/art/record/21347?highlight=*:*
Plate,Emma Gillies,https://collections.ed.ac.uk/art/record/53721?highlight=*:*
Untitled,Bill Breckervidge,https://collections.ed.ac.uk/art/record/21458?highlight=*:*
St Pauls at Night (1950),Alexander Cree,https://collections.ed.ac.uk/art/record/50546?highlight=*:*
Still Life with Shadow of Kettle (1966),James H. Fairgrieve,https://collections.ed.ac.uk/art/record/22734?highlight=*:*
Replica cast (brown) of Partheon slab PF045 US09,Unknown,https://collections.ed.ac.uk/art/record/20658?highlight=*:*
Untitled (1966),Helen G. S Forde,https://collections.ed.ac.uk/art/record/99817?highlight=*:*
Reclining Nude with Jacket (1967),Christine Malcolm,https://collections.ed.ac.uk/art/record/21266?highlight=*:*
Portrait of a Woman (1957),Unknown,https://collections.ed.ac.uk/art/record/21257?highlight=*:*
Abstract (1971),John F. Mooney,https://collections.ed.ac.uk/art/record/22679?highlight=*:*
Sketch for Final Composition,Colin Brown,https://collections.ed.ac.uk/art/record/53566?highlight=*:*
Jacobean fragment (Jacobean?),Unknown,https://collections.ed.ac.uk/art/record/100011?highlight=*:*
Teacup,Emma Gillies,https://collections.ed.ac.uk/art/record/53651?highlight=*:*
Elders from South Frieze of the Parthenon (1836-1837),NA,https://collections.ed.ac.uk/art/record/20680?highlight=*:*
Untitled - Woman in Hat with Ribbon (1980),Carolyn S Byres,https://collections.ed.ac.uk/art/record/99426?highlight=*:*
Abstract Still Life (Circa 1975),Lindsay Moran,https://collections.ed.ac.uk/art/record/20761?highlight=*:*
Portrait of a Seated Woman (1950),Alexander F Mitchell,https://collections.ed.ac.uk/art/record/21053?highlight=*:*
Standing Male Nude (1953),Allan Sutherland,https://collections.ed.ac.uk/art/record/20979?highlight=*:*
Untitled,Bennett,https://collections.ed.ac.uk/art/record/111042?highlight=*:*
Plakati Hrvatskog Narodnog Kazališta Split (1984),Boris Bućan,https://collections.ed.ac.uk/art/record/22036?highlight=*:*
Portrait of Woman with Hand on her Head (1950),Ailsa Robertson,https://collections.ed.ac.uk/art/record/20803?highlight=*:*
Untitled (1962),Robert S. Crozier,https://collections.ed.ac.uk/art/record/112311?highlight=*:*
Untitled (Unknown),Wendy Gunn,https://collections.ed.ac.uk/art/record/21719?highlight=*:*
Men’s smock (19th Century),Unknown,https://collections.ed.ac.uk/art/record/100012?highlight=*:*
A Head (Unknown),Unknown,https://collections.ed.ac.uk/art/record/21561?highlight=*:*
Standing Female Nude (1959),C Byron,https://collections.ed.ac.uk/art/record/20916?highlight=*:*
Unknown,Edith Duke,https://collections.ed.ac.uk/art/record/53525?highlight=*:*
Untitled (1980),Unknown,https://collections.ed.ac.uk/art/record/99823?highlight=*:*
1. Meccarama (Unknown),Anthony Benjamin,https://collections.ed.ac.uk/art/record/21667?highlight=*:*
Portrait of a Man (Circa 1952),John Houston,https://collections.ed.ac.uk/art/record/21351?highlight=*:*
Untitled (Unknown),Anna Chapman,https://collections.ed.ac.uk/art/record/21603?highlight=*:*
Untitled (2002),Zillah Green,https://collections.ed.ac.uk/art/record/99951?highlight=*:*
Untitled - City Scene at Night (1964-1965),William Gillon,https://collections.ed.ac.uk/art/record/99483?highlight=*:*
Crazily Paved (Unknown),John Brown,https://collections.ed.ac.uk/art/record/21661?highlight=*:*
Untitled (Unknown),J.,https://collections.ed.ac.uk/art/record/21953?highlight=*:*
Untitled - Nude Female Standing (1964),Eleanor Maiden,https://collections.ed.ac.uk/art/record/99360?highlight=*:*
Walking the Wall (Unknown),Victoria C F Bernie,https://collections.ed.ac.uk/art/record/21906?highlight=*:*
Drawing of a Woman (1958),E McCallum,https://collections.ed.ac.uk/art/record/20960?highlight=*:*
"Still Life, Oil Paints and Pots (1949)",Zygmunt Bukowski,https://collections.ed.ac.uk/art/record/22732?highlight=*:*
Swirlings (1989),Dorothy Black,https://collections.ed.ac.uk/art/record/21972?highlight=*:*
Male Model with Towel (1950),Alexander Cree,https://collections.ed.ac.uk/art/record/22661?highlight=*:*
Giraffe,Emma Gillies,https://collections.ed.ac.uk/art/record/53749?highlight=*:*
Untitled (Dec 1972),Alison Duncan,https://collections.ed.ac.uk/art/record/21581?highlight=*:*
untitled,Joyce M Cumming,https://collections.ed.ac.uk/art/record/112357?highlight=*:*
Untitled (1962),Leslie Johns,https://collections.ed.ac.uk/art/record/21767?highlight=*:*
Plate,Emma Gillies,https://collections.ed.ac.uk/art/record/53673?highlight=*:*
Gem cabinet 3 (of 6) containing 43 medallions,Unknown,https://collections.ed.ac.uk/art/record/20617?highlight=*:*
John Stone (1950),David McClure,https://collections.ed.ac.uk/art/record/22666?highlight=*:*
Seated Male Nude (1959),George Mackintosh,https://collections.ed.ac.uk/art/record/20884?highlight=*:*
Untitled (1988),Jodie Pear,https://collections.ed.ac.uk/art/record/21935?highlight=*:*
Untitled,Unknown,https://collections.ed.ac.uk/art/record/99860?highlight=*:*
Untitled (1964),James Goodall,https://collections.ed.ac.uk/art/record/99847?highlight=*:*
Unknown (31 May 1960),Rhona L. Barclay,https://collections.ed.ac.uk/art/record/50618?highlight=*:*
Untitled (1967),William G.H. Fulton,https://collections.ed.ac.uk/art/record/99820?highlight=*:*
Untitled (1989),Claire E. Banks,https://collections.ed.ac.uk/art/record/22555?highlight=*:*
Norwegian Ponies (1953),Mollie E N Langlands,https://collections.ed.ac.uk/art/record/99218?highlight=*:*
Untitled (1987),Susan Veitch,https://collections.ed.ac.uk/art/record/21898?highlight=*:*
Preparatory Sketch (1962),John Picking,https://collections.ed.ac.uk/art/record/50528?highlight=*:*
Unknown,Unknown,https://collections.ed.ac.uk/art/record/53538?highlight=*:*
An Táin (1964),John B Vallely,https://collections.ed.ac.uk/art/record/21005?highlight=*:*
Untitled (1961),Dr Ainslie Yule,https://collections.ed.ac.uk/art/record/99531?highlight=*:*
Reclining Female Nude (1949-1950),Mollie E N Langlands,https://collections.ed.ac.uk/art/record/21019?highlight=*:*
"Rock R Coast, Hethleen Russell, Bournemouth (1966)",Kathleen Russell,https://collections.ed.ac.uk/art/record/99523?highlight=*:*
Relic of Origins: Wild Boar (2013),Kyle Noble,https://collections.ed.ac.uk/art/record/21304?highlight=*:*
Untitled (1960),Kathleen Russell,https://collections.ed.ac.uk/art/record/99519?highlight=*:*
Untitled (1997),Sera K,https://collections.ed.ac.uk/art/record/21779?highlight=*:*
Printed Fabric,Robin Jones,https://collections.ed.ac.uk/art/record/22538?highlight=*:*
Still Life - Fish (1961),Thora Clyne,https://collections.ed.ac.uk/art/record/22640?highlight=*:*
Castor and Pollux (1835),Sarti,https://collections.ed.ac.uk/art/record/20593?highlight=*:*
Untitled (Unknown),Dilys R. Lovell,https://collections.ed.ac.uk/art/record/21574?highlight=*:*
Patchwork quilt (1700-1899),Unknown,https://collections.ed.ac.uk/art/record/102731?highlight=*:*
Portrait of a Seated Man (1954),Edith Fraser,https://collections.ed.ac.uk/art/record/21208?highlight=*:*
Untitled,Susan Pettinger,https://collections.ed.ac.uk/art/record/112500?highlight=*:*
Seated Man seen from behind (Circa 1955),Peter McGinn,https://collections.ed.ac.uk/art/record/21089?highlight=*:*
Unknown (1947),Sheila Turnbull,https://collections.ed.ac.uk/art/record/50454?highlight=*:*
Man with Concrete Jungle Record,Garry Campbell,https://collections.ed.ac.uk/art/record/21426?highlight=*:*
Cornfield (1963),Joan Eardley,https://collections.ed.ac.uk/art/record/21957?highlight=*:*
Garden of Eden (1987),Unknown,https://collections.ed.ac.uk/art/record/21608?highlight=*:*
Horse and Cart (1956),Moira E. Brown,https://collections.ed.ac.uk/art/record/22712?highlight=*:*
Standing Female Nude (1957),Peter Coyle,https://collections.ed.ac.uk/art/record/20969?highlight=*:*
Untitled (2007),Matt Carter,https://collections.ed.ac.uk/art/record/99975?highlight=*:*
Untitled (2002),Kirsty MacDonald,https://collections.ed.ac.uk/art/record/99949?highlight=*:*
Unknown (Unknown),Unknown,https://collections.ed.ac.uk/art/record/21675?highlight=*:*
Hill Fence (1976),Aitons Bytautus,https://collections.ed.ac.uk/art/record/50385?highlight=*:*
Abstract Composition with Fabric Collage,Caroline E. L. Wilkinson,https://collections.ed.ac.uk/art/record/22511?highlight=*:*
Portrait of a Man (1960),John Johnstone,https://collections.ed.ac.uk/art/record/21357?highlight=*:*
Landscape (Circa 1953),Trevor Stubley,https://collections.ed.ac.uk/art/record/21413?highlight=*:*
Unknown (1949),Mary D Thomson,https://collections.ed.ac.uk/art/record/50453?highlight=*:*
Swedish apron (1958),Unknown,https://collections.ed.ac.uk/art/record/102689?highlight=*:*
Set of NDS slides,Unknown,https://collections.ed.ac.uk/art/record/102675?highlight=*:*
Standing Male Nude (1960),Jean Richie,https://collections.ed.ac.uk/art/record/20790?highlight=*:*
Portrait of a Seated Man (May 1960),John Gilbert,https://collections.ed.ac.uk/art/record/20996?highlight=*:*
Still Life Beside Window (1955),Elizabeth Blackadder,https://collections.ed.ac.uk/art/record/20738?highlight=*:*
Florence (Jan 1956),John P Busby,https://collections.ed.ac.uk/art/record/21382?highlight=*:*
Riders from the North Frieze of the Parthenon (1836-1837),NA,https://collections.ed.ac.uk/art/record/20710?highlight=*:*
Frieze from the Temple of Athena Nike (left slab) (1827),NA,https://collections.ed.ac.uk/art/record/20625?highlight=*:*
West Coast Seascape (Unknown),Catherine Orbach,https://collections.ed.ac.uk/art/record/21790?highlight=*:*
Untitled - Sitting Nude Woman (1968),Alastair Burns,https://collections.ed.ac.uk/art/record/99475?highlight=*:*
Seated Elderly Couple (Apr 1963),John Bellany,https://collections.ed.ac.uk/art/record/20767?highlight=*:*
Abstract,V. Constant,https://collections.ed.ac.uk/art/record/111443?highlight=*:*
Untitled (Dec 1970),Kathryn M. Buchan,https://collections.ed.ac.uk/art/record/21869?highlight=*:*
Ayrshire christening robe (1800-1899),Unknown,https://collections.ed.ac.uk/art/record/102679?highlight=*:*
Untitled,Douglas Cook,https://collections.ed.ac.uk/art/record/22567?highlight=*:*
Seascape (1978),Michael Kinane,https://collections.ed.ac.uk/art/record/21492?highlight=*:*
John Mooney Paintings (1984),John Mooney,https://collections.ed.ac.uk/art/record/21846?highlight=*:*
Female Nude with Pitcher,Samuel John Peploe,https://collections.ed.ac.uk/art/record/20736?highlight=*:*
Untitled (Nov 1988),Joanne Leonie Milne,https://collections.ed.ac.uk/art/record/21936?highlight=*:*
Untitled (Unknown),Unknown,https://collections.ed.ac.uk/art/record/21566?highlight=*:*
Untitled (1946),Vivian Chapman,https://collections.ed.ac.uk/art/record/21735?highlight=*:*
Landscape (1948),V Janikowski,https://collections.ed.ac.uk/art/record/21422?highlight=*:*
Sketches of Five Heads (1959),Denness Morton,https://collections.ed.ac.uk/art/record/20886?highlight=*:*
Untitled (Unknown),Unknown,https://collections.ed.ac.uk/art/record/21586?highlight=*:*
Seascape (1955),Myra E. Soni,https://collections.ed.ac.uk/art/record/22736?highlight=*:*
Milk Jug,Emma Gillies,https://collections.ed.ac.uk/art/record/53677?highlight=*:*
Tottenham Court Road Underground (1987),"Eduardo Luigi Paolozzi KBE, RA",https://collections.ed.ac.uk/art/record/21702?highlight=*:*
Untitled (1961),Norma Kirk,https://collections.ed.ac.uk/art/record/22011?highlight=*:*
Teapot Lid (1924),Emma Gillies,https://collections.ed.ac.uk/art/record/53743?highlight=*:*
Portrait of a Woman (Feb 1952),Martin G C McKeown,https://collections.ed.ac.uk/art/record/21414?highlight=*:*
"Metope 10, south entablature, Parthenon (1837)",NA,https://collections.ed.ac.uk/art/record/20649?highlight=*:*
Unknown (1978),W Rennie,https://collections.ed.ac.uk/art/record/50427?highlight=*:*
Goat,Emma Gillies,https://collections.ed.ac.uk/art/record/53746?highlight=*:*
Portrait of a Woman (1939-1940),James Gordon,https://collections.ed.ac.uk/art/record/21097?highlight=*:*
Damn blast and a side order of damn,Colin Montgomery,https://collections.ed.ac.uk/art/record/22545?highlight=*:*
Unknown,Gordon Anderson,https://collections.ed.ac.uk/art/record/50411?highlight=*:*
Unknown (1947-1948),William D Clyne,https://collections.ed.ac.uk/art/record/50635?highlight=*:*
Portrait of a Man (1983-1988),Renny Tait,https://collections.ed.ac.uk/art/record/21472?highlight=*:*
Inverleith,Janice McNab,https://collections.ed.ac.uk/art/record/22526?highlight=*:*
Banners of the Banned (MAY 2017),Elle McKee,https://collections.ed.ac.uk/art/record/100019?highlight=*:*
Untitled (Unknown),Nicholas File,https://collections.ed.ac.uk/art/record/21781?highlight=*:*
Marshal from the West Frieze of the Parthenon (1836-1837),NA,https://collections.ed.ac.uk/art/record/20689?highlight=*:*
Untitled (1966),Molly Harris,https://collections.ed.ac.uk/art/record/99834?highlight=*:*
Untitled (2002),Gillian Curry,https://collections.ed.ac.uk/art/record/99939?highlight=*:*
Saucer,Emma Gillies,https://collections.ed.ac.uk/art/record/53660?highlight=*:*
Unknown (1950),James T. Ferguson,https://collections.ed.ac.uk/art/record/53497?highlight=*:*
Seated Figure Reading Newspaper,Angus C. A. Hood,https://collections.ed.ac.uk/art/record/22610?highlight=*:*
Espresso Cup,Emma Gillies,https://collections.ed.ac.uk/art/record/53698?highlight=*:*
Unknown,Douglas Baxter,https://collections.ed.ac.uk/art/record/50400?highlight=*:*
Still Life - Tomatoes (1960),Thora Clyne,https://collections.ed.ac.uk/art/record/22719?highlight=*:*
Saucer,Emma Gillies,https://collections.ed.ac.uk/art/record/53622?highlight=*:*
Urban Scene,Paul J Donaldson,https://collections.ed.ac.uk/art/record/21446?highlight=*:*
Man with Woman Smoking (1964),Kirkland Main,https://collections.ed.ac.uk/art/record/22549?highlight=*:*
Unknown (1955),Alejandro B. Brasó,https://collections.ed.ac.uk/art/record/50603?highlight=*:*
Untitled,McArthur,https://collections.ed.ac.uk/art/record/111043?highlight=*:*
Jug (1920s),Emma Gillies,https://collections.ed.ac.uk/art/record/122134?highlight=*:*
Step 3 (2013),Maria Hadam,https://collections.ed.ac.uk/art/record/21308?highlight=*:*
Unknown (1949),Douglas Baxter,https://collections.ed.ac.uk/art/record/50577?highlight=*:*
Placa del Sol (1991),Caroline Conway,https://collections.ed.ac.uk/art/record/21839?highlight=*:*
Portrait of a Woman (1950),Alexander F Mitchell,https://collections.ed.ac.uk/art/record/21055?highlight=*:*
Unknown (1960),Hugh Deans,https://collections.ed.ac.uk/art/record/53577?highlight=*:*
Portrait of a Woman (1948),Thomas Kim Redpath,https://collections.ed.ac.uk/art/record/20800?highlight=*:*
Teacup,Emma Gillies,https://collections.ed.ac.uk/art/record/53644?highlight=*:*
Donkey and Cart in Landscape (Circa 1955),Mollie E N Langlands,https://collections.ed.ac.uk/art/record/21017?highlight=*:*
Untitled (1963),Carol Handyside,https://collections.ed.ac.uk/art/record/99842?highlight=*:*
Anti-Matter (2013),Marissa Stoffer,https://collections.ed.ac.uk/art/record/47441?highlight=*:*
Untitled - 1/2 hr Life Drawing of Man in a Blue Costume (1963),Isobel T Johnstone,https://collections.ed.ac.uk/art/record/99248?highlight=*:*
Untitled - Kings and Queens (1969),Michael T R B Turnbull,https://collections.ed.ac.uk/art/record/99446?highlight=*:*
Teacup,Emma Gillies,https://collections.ed.ac.uk/art/record/53637?highlight=*:*
Mourner No. 54 from the Tomb of John the fearless (Pre 1895),Unknown,https://collections.ed.ac.uk/art/record/20610?highlight=*:*
Portrait of Man in Red Jacket (1968),Michael Docherty,https://collections.ed.ac.uk/art/record/21178?highlight=*:*
Untitled (Unknown),Susie Wilson,https://collections.ed.ac.uk/art/record/21796?highlight=*:*
Untitled (Unknown),Unknown,https://collections.ed.ac.uk/art/record/99922?highlight=*:*
Unknown (1968),Gillian Mather,https://collections.ed.ac.uk/art/record/53589?highlight=*:*
The Jungle (1990),John Brown,https://collections.ed.ac.uk/art/record/99469?highlight=*:*
"Circo Togni, Ravenna (1957)",Peter McGinn,https://collections.ed.ac.uk/art/record/21115?highlight=*:*
Untitled - Abstract Blue and Green Squares (1994),Roger Elliot,https://collections.ed.ac.uk/art/record/99461?highlight=*:*
Reclining Male Nude (1959),Jean I. Beattie,https://collections.ed.ac.uk/art/record/20923?highlight=*:*
Untitled (1969),Richard Easson,https://collections.ed.ac.uk/art/record/22493?highlight=*:*
Woven fragments (waistcoat),Unknown,https://collections.ed.ac.uk/art/record/102702?highlight=*:*
Untitled (1965),Laura McPherson,https://collections.ed.ac.uk/art/record/22482?highlight=*:*
Man in Blue Waistcoat,Henry Rodgers,https://collections.ed.ac.uk/art/record/21461?highlight=*:*
Untitled (1962),Underwood,https://collections.ed.ac.uk/art/record/22502?highlight=*:*
The Judgement of Paris (1959),Kenneth Dingwall,https://collections.ed.ac.uk/art/record/22713?highlight=*:*
Suit of Armour (Circa 1964),Kirkland Main,https://collections.ed.ac.uk/art/record/21170?highlight=*:*
Portrait of a Woman (1950),Zygmunt Bukowski,https://collections.ed.ac.uk/art/record/21368?highlight=*:*
Untitled (1997),Sena K.,https://collections.ed.ac.uk/art/record/21923?highlight=*:*
Unknown (1960),Dorothea Brown,https://collections.ed.ac.uk/art/record/50601?highlight=*:*
Abstract Composition in Grey with Circle (1989),Linda A. Henniker,https://collections.ed.ac.uk/art/record/22709?highlight=*:*
Unknown (1946),Alan Lefley,https://collections.ed.ac.uk/art/record/50487?highlight=*:*
Food Print (2006),Tomoko Kawanaka,https://collections.ed.ac.uk/art/record/99862?highlight=*:*
Queen Anne chair cover (1700-1750),Unknown,https://collections.ed.ac.uk/art/record/102711?highlight=*:*
Riders from South Frieze of the Parthenon (1836-1837),NA,https://collections.ed.ac.uk/art/record/20718?highlight=*:*
Untitled (1967),Rosemary Seaton,https://collections.ed.ac.uk/art/record/22475?highlight=*:*
Unknown (1960),Hugh Deans,https://collections.ed.ac.uk/art/record/53573?highlight=*:*
Unknown (1950),Valerie A. Cockburn (Gage),https://collections.ed.ac.uk/art/record/50552?highlight=*:*
Lit Doorway,C. K.?,https://collections.ed.ac.uk/art/record/22541?highlight=*:*
Unknown,J Hamilton Glass,https://collections.ed.ac.uk/art/record/50459?highlight=*:*
Train Station Interior,Eric Urquhart,https://collections.ed.ac.uk/art/record/21507?highlight=*:*
Sampler on course slub material,Unknown,https://collections.ed.ac.uk/art/record/102665?highlight=*:*
Riders: Parthenon Frieze (1836-1837),NA,https://collections.ed.ac.uk/art/record/20706?highlight=*:*
Unknown,Unknown,https://collections.ed.ac.uk/art/record/53512?highlight=*:*
Seated Female Nude (1966-1967),George Donald,https://collections.ed.ac.uk/art/record/21094?highlight=*:*
Standing Male Nude (Circa 1938),M E James,https://collections.ed.ac.uk/art/record/21028?highlight=*:*
Agricultural Tools,Alexander Curtis,https://collections.ed.ac.uk/art/record/21505?highlight=*:*
Winged Victory of Samothrace (Post 1879),Musée Royal du Louvre,https://collections.ed.ac.uk/art/record/20585?highlight=*:*
Cotton Wool Brain (2019),Zuzana Ullmannová,https://collections.ed.ac.uk/art/record/113744?highlight=*:*
Untitled,NA,https://collections.ed.ac.uk/art/record/111044?highlight=*:*
Untitled - Horses and Riders (1963),Jean M. Marshall,https://collections.ed.ac.uk/art/record/99363?highlight=*:*
Men Bathing (1953-1954),Trevor Stubley,https://collections.ed.ac.uk/art/record/20796?highlight=*:*
For Mayte Carrasco (Unknown),Elspeth Lamb,https://collections.ed.ac.uk/art/record/21887?highlight=*:*
Portrait of Seated Woman (25 Jan 1966),George Donald,https://collections.ed.ac.uk/art/record/21175?highlight=*:*
Untitled - Portrait of a Nude Female (1972),Lindsay R S Gordon,https://collections.ed.ac.uk/art/record/99421?highlight=*:*
Bridge at Night,H. Livingstone,https://collections.ed.ac.uk/art/record/22535?highlight=*:*
Performing Labour in an Industrial Setting II (2020),Aisling Ward,https://collections.ed.ac.uk/art/record/113776?highlight=*:*
Unknown,Ruari MacLeod,https://collections.ed.ac.uk/art/record/50437?highlight=*:*
Drawing of a Seated Woman (1956-1959),Jacqueline A N Stieger,https://collections.ed.ac.uk/art/record/20819?highlight=*:*
Saucer,Emma Gillies,https://collections.ed.ac.uk/art/record/53659?highlight=*:*
Isabella of Aragon (broken) (Post 1912),Unknown,https://collections.ed.ac.uk/art/record/20532?highlight=*:*
Unknown,Stuart T. MacKenzie,https://collections.ed.ac.uk/art/record/53561?highlight=*:*
Pyreneen Vogel (2002),Frances Ryan,https://collections.ed.ac.uk/art/record/21806?highlight=*:*
The Thinker (1969),Marko Krsmanovic,https://collections.ed.ac.uk/art/record/21647?highlight=*:*
November III (St Andrews) (1991),Wilhelmina Barns-Graham CBE HRSA HRSW,https://collections.ed.ac.uk/art/record/54749?highlight=*:*
Winter Fence (1977),Alfons Bytautas,https://collections.ed.ac.uk/art/record/21549?highlight=*:*
untitled (1984),David Hosie,https://collections.ed.ac.uk/art/record/112340?highlight=*:*
Whitework baby's bonnet,Unknown,https://collections.ed.ac.uk/art/record/102708?highlight=*:*
Four Abstract Panels,L Henniker,https://collections.ed.ac.uk/art/record/21460?highlight=*:*
Sleeping Female Nude (1950),Alexander F Mitchell,https://collections.ed.ac.uk/art/record/21057?highlight=*:*
Abstract Female Nude (1965),William Gillon,https://collections.ed.ac.uk/art/record/21312?highlight=*:*
"The Beach, Summer Composition (1958)",Robert M E Callender,https://collections.ed.ac.uk/art/record/22590?highlight=*:*
Portrait of a Young Man (Circa 1950),John D Cowan,https://collections.ed.ac.uk/art/record/21336?highlight=*:*
Abstract with Blue Stripes (quadriptych) (1969),Ian G. Robertson,https://collections.ed.ac.uk/art/record/22570?highlight=*:*
Unknown (1960),Jean I. Beattie,https://collections.ed.ac.uk/art/record/50615?highlight=*:*
Untitled (2003),Sarah Jamieson,https://collections.ed.ac.uk/art/record/99925?highlight=*:*
Standing Female Nude,Unknown,https://collections.ed.ac.uk/art/record/22730?highlight=*:*
Standing Male Nude (1952),David Michie,https://collections.ed.ac.uk/art/record/21387?highlight=*:*
Head of Lorenzo de' Medici (Circa 1836),Aristodemo Costoli,https://collections.ed.ac.uk/art/record/20541?highlight=*:*
Curtain (1961),Unknown,https://collections.ed.ac.uk/art/record/100008?highlight=*:*
Flowers Behind the Door (1953),Bernard Reder,https://collections.ed.ac.uk/art/record/21658?highlight=*:*
The Ideal (1991),Karen Guthrie,https://collections.ed.ac.uk/art/record/21907?highlight=*:*
Unknown (20 Feb 1956),James C. Y. Gavin,https://collections.ed.ac.uk/art/record/53494?highlight=*:*
Seated Female Nude (1957),Hillary Lewis,https://collections.ed.ac.uk/art/record/21160?highlight=*:*
Singer (Jan 1987),Paul Rooney,https://collections.ed.ac.uk/art/record/21841?highlight=*:*
In the Kitchen (1989),Robert Bushe,https://collections.ed.ac.uk/art/record/22608?highlight=*:*
Untitled (1962),Ethel V Hope,https://collections.ed.ac.uk/art/record/99836?highlight=*:*
Untitled (1967),Ian Roy,https://collections.ed.ac.uk/art/record/21757?highlight=*:*
Unknown (Unknown),Unknown,https://collections.ed.ac.uk/art/record/21866?highlight=*:*
Four Portraits of a Bearded Man (1955),Peter McGinn,https://collections.ed.ac.uk/art/record/21088?highlight=*:*
Portrait of a Young Man (1951),James P W Syme,https://collections.ed.ac.uk/art/record/21240?highlight=*:*
Dorothy Allsop sampler (1936),Unknown,https://collections.ed.ac.uk/art/record/102697?highlight=*:*
Untitled (13 Dec 2013),Joanne Leonie Milne,https://collections.ed.ac.uk/art/record/21888?highlight=*:*
Standing Male Nude with Staff (1960),Derek Shiel,https://collections.ed.ac.uk/art/record/20815?highlight=*:*
Untitled - Abstract Bridge and Ballons (1968),Alastair Burns,https://collections.ed.ac.uk/art/record/99474?highlight=*:*
Untitled (Unknown),David Douglas,https://collections.ed.ac.uk/art/record/21641?highlight=*:*
Untitled (Unknown),Unknown,https://collections.ed.ac.uk/art/record/21991?highlight=*:*
Untitled (1955),Alan Bartram,https://collections.ed.ac.uk/art/record/99827?highlight=*:*
Pattern darned sample,Unknown,https://collections.ed.ac.uk/art/record/102690?highlight=*:*
Gates of Paradise (1835),Clement Pappi,https://collections.ed.ac.uk/art/record/20577?highlight=*:*
Plate,Emma Gillies,https://collections.ed.ac.uk/art/record/53717?highlight=*:*
Untitled (Unknown),David C Duke,https://collections.ed.ac.uk/art/record/21987?highlight=*:*
Untitled (1969),Richard Easson,https://collections.ed.ac.uk/art/record/99829?highlight=*:*
Nude Male and Horse (Circa 1963),Leon Francesco Morrocco,https://collections.ed.ac.uk/art/record/21399?highlight=*:*
Standing Female Nude (1954),Nita Newman,https://collections.ed.ac.uk/art/record/21254?highlight=*:*
